,annotation,annotation,annotation,annotation,annotation,annotation,annotation,A_vs_B,A_vs_B,A_vs_B,A_vs_B,A_vs_B,A_vs_B,statistics,statistics
,Name,gbkey,gene,gene_biotype,gene_synonym,locus_tag,old_locus_tag,baseMean,log2FoldChange,lfcSE,stat,pvalue,padj,num_of_significative_comparisons,significative_comparisons
gene-GALLO_RS00005,dnaA,Gene,dnaA,protein_coding,,GALLO_RS00005,GALLO_0001,4598.53998056734,-0.109920006288785,0.146268122423878,-0.751496665625075,0.452353806727169,0.998354106283773,0.0,set()
gene-GALLO_RS00010,dnaN,Gene,dnaN,protein_coding,,GALLO_RS00010,GALLO_0002,5018.81246970657,-0.10628522956363,0.141221460477945,-0.752613867636843,0.451681981856441,0.998354106283773,0.0,set()
gene-GALLO_RS00015,GALLO_RS00015,Gene,,protein_coding,,GALLO_RS00015,GALLO_0003,7315.09605363725,-0.207316533935247,0.240399241724537,-0.86238430890228,0.388476072254142,0.998354106283773,0.0,set()
gene-GALLO_RS00020,GALLO_RS00020,Gene,,protein_coding,,GALLO_RS00020,GALLO_0004,756.756219767213,-0.121101642099571,0.321145120783745,-0.377093202612035,0.706104342504049,0.998354106283773,0.0,set()
gene-GALLO_RS00025,ychF,Gene,ychF,protein_coding,,GALLO_RS00025,GALLO_0005,4830.97284600171,-0.149915228410901,0.295249787502306,-0.507757277927694,0.61162357404361,0.998354106283773,0.0,set()
gene-GALLO_RS00030,GALLO_RS00030,Gene,,protein_coding,,GALLO_RS00030,GALLO_0006,261.013844385553,0.0576850283863118,0.354325097222914,0.162802547260774,0.870673902604311,0.998354106283773,0.0,set()
gene-GALLO_RS00035,mfd,Gene,mfd,protein_coding,,GALLO_RS00035,GALLO_0007,2963.15025913338,-0.266441840785052,0.326454354845943,-0.816168744052406,0.41440363070715,0.998354106283773,0.0,set()
gene-GALLO_RS00040,GALLO_RS00040,Gene,,protein_coding,,GALLO_RS00040,GALLO_0008,484.678270395678,-0.378996263694638,0.26706548358127,-1.41911361443048,0.155865895376803,0.998354106283773,0.0,set()
gene-GALLO_RS00045,GALLO_RS00045,Gene,,protein_coding,,GALLO_RS00045,GALLO_0009,604.70586366812,-0.141254581184902,0.16872125165812,-0.837206811807714,0.40247632922321,0.998354106283773,0.0,set()
gene-GALLO_RS00050,GALLO_RS00050,Gene,,protein_coding,,GALLO_RS00050,GALLO_0010,790.136877302437,-0.183068572374323,0.160940709461616,-1.13749077524716,0.255333178745172,0.998354106283773,0.0,set()
gene-GALLO_RS00055,GALLO_RS00055,Gene,,protein_coding,,GALLO_RS00055,GALLO_0011,2.52056773195815,1.18544361898577,1.34952081847501,0.878418178331881,0.37971682288748,0.998354106283773,0.0,set()
gene-GALLO_RS00060,GALLO_RS00060,Gene,,protein_coding,,GALLO_RS00060,GALLO_0012,3012.23842457672,-0.292561037710712,0.121402601161146,-2.40984159245793,0.0159594481712756,0.726519762617041,0.0,set()
gene-GALLO_RS00065,tilS,Gene,tilS,protein_coding,,GALLO_RS00065,GALLO_0013,1296.0627392913,0.0398860061480119,0.134723741256216,0.296057738421598,0.76718598778333,0.998354106283773,0.0,set()
gene-GALLO_RS00070,hpt,Gene,hpt,protein_coding,,GALLO_RS00070,GALLO_0014,3722.20361828561,0.163484828861419,0.152942119767766,1.06893267276314,0.285100008255189,0.998354106283773,0.0,set()
gene-GALLO_RS00075,ftsH,Gene,ftsH,protein_coding,,GALLO_RS00075,GALLO_0015,18953.1926198422,0.0182763786025572,0.123324717452354,0.148197206367963,0.882187136470226,0.998354106283773,0.0,set()
gene-GALLO_RS00080,GALLO_RS00080,Gene,,protein_coding,,GALLO_RS00080,GALLO_0016,388.717205664169,0.206973039329051,0.246151019762458,0.840837626952694,0.400438904696481,0.998354106283773,0.0,set()
gene-GALLO_RS00085,GALLO_RS00085,Gene,,rRNA,,GALLO_RS00085,GALLO_r0001,3710.61126053159,0.467347287699838,0.577331098957924,0.809496125435465,0.418229830592227,0.998354106283773,0.0,set()
gene-GALLO_RS00090,GALLO_RS00090,Gene,,tRNA,,GALLO_RS00090,GALLO_t0001,200.81449557223,0.192631096853161,0.406227753158168,0.474194821391632,0.63536098591384,0.998354106283773,0.0,set()
gene-GALLO_RS00095,GALLO_RS00095,Gene,,rRNA,,GALLO_RS00095,GALLO_r0002,10843.4269404858,0.419985420723772,0.497640811084441,0.843952930244116,0.398695708819307,0.998354106283773,0.0,set()
gene-GALLO_RS00100,rrf,Gene,rrf,rRNA,,GALLO_RS00100,GALLO_r0003,0.314788716531504,1.66118137029015,3.75220033024597,0.442721929556798,0.657966878531588,0.998354106283773,0.0,set()
gene-GALLO_RS00105,GALLO_RS00105,Gene,,tRNA,,GALLO_RS00105,GALLO_t0002,32.155607074367,-0.117020263231703,0.454085469604493,-0.257705368404823,0.796634302632363,0.998354106283773,0.0,set()
gene-GALLO_RS00110,GALLO_RS00110,Gene,,tRNA,,GALLO_RS00110,GALLO_t0003,53.3357433982347,0.552145266113582,0.528461967722065,1.04481552096096,0.296108240007773,0.998354106283773,0.0,set()
gene-GALLO_RS00115,GALLO_RS00115,Gene,,tRNA,,GALLO_RS00115,GALLO_t0004,147.271679285206,0.139146766788315,0.326505313290463,0.426169992108301,0.669983981729726,0.998354106283773,0.0,set()
gene-GALLO_RS00120,GALLO_RS00120,Gene,,tRNA,,GALLO_RS00120,GALLO_t0005,24.8480309905553,0.213221308861301,0.492294369938376,0.433117504244445,0.664929406790524,0.998354106283773,0.0,set()
gene-GALLO_RS00125,GALLO_RS00125,Gene,,tRNA,,GALLO_RS00125,GALLO_t0006,125.081728373989,0.358846931485914,0.416666687821907,0.861232591839196,0.389109953062101,0.998354106283773,0.0,set()
gene-GALLO_RS00130,GALLO_RS00130,Gene,,tRNA,,GALLO_RS00130,GALLO_t0007,63.0293989459485,0.362242634722807,0.43593179689072,0.830961717650559,0.405995256151381,0.998354106283773,0.0,set()
gene-GALLO_RS00135,GALLO_RS00135,Gene,,tRNA,,GALLO_RS00135,GALLO_t0008,468.670656386458,-0.0179793120627654,0.346511212578248,-0.0518866674731497,0.958618997781038,0.998354106283773,0.0,set()
gene-GALLO_RS00140,GALLO_RS00140,Gene,,tRNA,,GALLO_RS00140,GALLO_t0009,26.4580875241623,0.160017561745059,0.48010448388924,0.333297369874127,0.738909824538849,0.998354106283773,0.0,set()
gene-GALLO_RS00145,GALLO_RS00145,Gene,,tRNA,,GALLO_RS00145,GALLO_t0010,42.3015240865456,0.415783663947884,0.50983946012513,0.815518798497547,0.414775408635618,0.998354106283773,0.0,set()
gene-GALLO_RS00150,GALLO_RS00150,Gene,,tRNA,,GALLO_RS00150,GALLO_t0011,113.205148032677,0.190330132330684,0.357575283285487,0.532279889655364,0.594532158499745,0.998354106283773,0.0,set()
gene-GALLO_RS00155,GALLO_RS00155,Gene,,tRNA,,GALLO_RS00155,GALLO_t0012,358.413931156759,-0.547825231226597,0.257624604465074,-2.12644763633539,0.0334660049145345,0.896669942462245,0.0,set()
gene-GALLO_RS00160,GALLO_RS00160,Gene,,tRNA,,GALLO_RS00160,GALLO_t0013,977.258840633179,0.986670462747324,0.477242707427752,2.06743958030347,0.0386927519131868,0.940563171506723,0.0,set()
gene-GALLO_RS00165,GALLO_RS00165,Gene,,tRNA,,GALLO_RS00165,GALLO_t0014,167.562168791205,0.459377474381392,0.483147478796889,0.950801762487332,0.341705017728389,0.998354106283773,0.0,set()
gene-GALLO_RS00170,GALLO_RS00170,Gene,,tRNA,,GALLO_RS00170,GALLO_t0015,105.08434381979,-0.0454088459540006,0.364373698918323,-0.124621634571323,0.900823100008488,0.998354106283773,0.0,set()
gene-GALLO_RS00175,GALLO_RS00175,Gene,,tRNA,,GALLO_RS00175,GALLO_t0016,55.642832740401,-0.0799912721823452,0.339102414605272,-0.235891190204169,0.813517104570235,0.998354106283773,0.0,set()
gene-GALLO_RS00180,GALLO_RS00180,Gene,,tRNA,,GALLO_RS00180,GALLO_t0017,77.452030875239,-0.342300128658167,0.31365052830649,-1.09134242657383,0.275122235704687,0.998354106283773,0.0,set()
gene-GALLO_RS00185,GALLO_RS00185,Gene,,tRNA,,GALLO_RS00185,GALLO_t0018,154.624924230147,0.194720740668828,0.360917984907116,0.539515205148175,0.5895314081682,0.998354106283773,0.0,set()
gene-GALLO_RS00190,mreC,Gene,mreC,protein_coding,,GALLO_RS00190,GALLO_0017,4820.1029295118,-0.360715658486636,0.161082285294132,-2.23932543437646,0.0251347491302302,0.782089351533654,0.0,set()
gene-GALLO_RS00195,mreD,Gene,mreD,protein_coding,,GALLO_RS00195,GALLO_0018,1572.79330521815,-0.671287248013872,0.198651250960026,-3.37922487157633,0.0007269052411952,0.20705326611829,0.0,set()
gene-GALLO_RS00200,GALLO_RS00200,Gene,,protein_coding,,GALLO_RS00200,GALLO_0019,67608.3345558846,0.112446415190627,0.180828836136152,0.621838958837089,0.534047766049236,0.998354106283773,0.0,set()
gene-GALLO_RS00205,GALLO_RS00205,Gene,,protein_coding,,GALLO_RS00205,GALLO_0020,9792.36641604712,-0.142069960780573,0.184736236839353,-0.76904219340636,0.441868262986291,0.998354106283773,0.0,set()
gene-GALLO_RS00210,GALLO_RS00210,Gene,,protein_coding,,GALLO_RS00210,GALLO_0021,2887.83493130494,0.0139305021811479,0.209566335568297,0.0664729959770089,0.947001256235089,0.998354106283773,0.0,set()
gene-GALLO_RS00215,recO,Gene,recO,protein_coding,,GALLO_RS00215,GALLO_0022,1319.47838637806,-0.003490012092403,0.175259137638692,-0.0199134386909854,0.984112424746103,0.998354106283773,0.0,set()
gene-GALLO_RS00220,plsX,Gene,plsX,protein_coding,,GALLO_RS00220,GALLO_0023,1091.19704201373,0.207285824360992,0.150927276235337,1.3734152601931,0.169623288385492,0.998354106283773,0.0,set()
gene-GALLO_RS00225,GALLO_RS00225,Gene,,protein_coding,,GALLO_RS00225,GALLO_0024,225.44168716766,0.350539147002219,0.169048352349788,2.07360286054074,0.0381162093261577,0.940563171506723,0.0,set()
gene-GALLO_RS00230,GALLO_RS00230,Gene,,protein_coding,,GALLO_RS00230,GALLO_0025,257.744803314151,-0.0354965984991833,0.165256331974099,-0.214797206710039,0.829925430793992,0.998354106283773,0.0,set()
gene-GALLO_RS00235,GALLO_RS00235,Gene,,protein_coding,,GALLO_RS00235,GALLO_0026,4180.34803497075,-0.261813364110804,0.228525355941742,-1.14566439698511,0.251934040620933,0.998354106283773,0.0,set()
gene-GALLO_RS00240,GALLO_RS00240,Gene,,protein_coding,,GALLO_RS00240,GALLO_0027,1684.40724829231,-0.220206735313025,0.316089780891768,-0.696658824881232,0.48601633268838,0.998354106283773,0.0,set()
gene-GALLO_RS00245,GALLO_RS00245,Gene,,protein_coding,,GALLO_RS00245,GALLO_0028,1247.20869158618,-0.35414396278583,0.33419957197285,-1.05967808604674,0.289291075612093,0.998354106283773,0.0,set()
gene-GALLO_RS00250,purN,Gene,purN,protein_coding,,GALLO_RS00250,GALLO_0029,601.575816341561,-0.535080562454207,0.357251290548269,-1.49777083137482,0.134192801653386,0.998354106283773,0.0,set()
gene-GALLO_RS00255,GALLO_RS00255,Gene,,protein_coding,,GALLO_RS00255,GALLO_0030,986.805855419352,-0.251324289193294,0.376551355763105,-0.667436952083121,0.504493069201701,0.998354106283773,0.0,set()
gene-GALLO_RS00260,purH,Gene,purH,protein_coding,,GALLO_RS00260,GALLO_0031,2805.54789210324,-0.354955897546207,0.408408210694784,-0.869120375769028,0.384781292972282,0.998354106283773,0.0,set()
gene-GALLO_RS00265,purD,Gene,purD,protein_coding,,GALLO_RS00265,GALLO_0032,2312.73033845264,-0.0259293777132667,0.540980180109558,-0.0479303654119373,0.961771739095208,0.998354106283773,0.0,set()
gene-GALLO_RS00270,GALLO_RS00270,Gene,,protein_coding,,GALLO_RS00270,GALLO_0033,442.475072175685,0.17502826604375,0.5011781339615,0.349233644054382,0.72691391007386,0.998354106283773,0.0,set()
gene-GALLO_RS00275,purE,Gene,purE,protein_coding,,GALLO_RS00275,GALLO_0034,522.998299664135,-0.101817827166448,0.442854427324614,-0.229912632423149,0.818159660000085,0.998354106283773,0.0,set()
gene-GALLO_RS00280,purK,Gene,purK,protein_coding,,GALLO_RS00280,GALLO_0035,1925.56882020605,-0.329814510339823,0.377797961603166,-0.872991767716988,0.3826675648405,0.998354106283773,0.0,set()
gene-GALLO_RS00285,GALLO_RS00285,Gene,,protein_coding,,GALLO_RS00285,GALLO_0036,1590.25374669021,-0.355564401701742,0.160561044254627,-2.21451226449341,0.0267935599710883,0.792602348211578,0.0,set()
gene-GALLO_RS00290,purB,Gene,purB,protein_coding,,GALLO_RS00290,GALLO_0037,6456.86293625736,-0.129919427032784,0.240583340724699,-0.540018384653872,0.589184353775122,0.998354106283773,0.0,set()
gene-GALLO_RS00295,GALLO_RS00295,Gene,,protein_coding,,GALLO_RS00295,GALLO_0038,154.104683394426,-0.174928713324975,0.203749317120253,-0.858548709744789,0.390589545829233,0.998354106283773,0.0,set()
gene-GALLO_RS00305,GALLO_RS00305,Gene,,protein_coding,,GALLO_RS00305,GALLO_0039,1305.72004512495,-0.151577023346189,0.290569089506943,-0.5216557053725,0.601910070405643,0.998354106283773,0.0,set()
gene-GALLO_RS00310,GALLO_RS00310,Gene,,protein_coding,,GALLO_RS00310,GALLO_0040,412.475705881664,0.24506280670919,0.176564208756138,1.38795290639939,0.165151385882317,0.998354106283773,0.0,set()
gene-GALLO_RS00315,GALLO_RS00315,Gene,,protein_coding,,GALLO_RS00315,GALLO_0041,6264.55698081944,-0.114164308402019,0.136359670095538,-0.83722927990389,0.402463702215685,0.998354106283773,0.0,set()
gene-GALLO_RS00320,GALLO_RS00320,Gene,,protein_coding,,GALLO_RS00320,GALLO_0042,9219.03235212279,-0.0071726333809947,0.302092065843335,-0.0237432034534614,0.981057444335675,0.998354106283773,0.0,set()
gene-GALLO_RS00325,GALLO_RS00325,Gene,,protein_coding,,GALLO_RS00325,GALLO_0043,910.600522996374,-0.224958936557651,0.330927178284584,-0.679783805379065,0.496641362336274,0.998354106283773,0.0,set()
gene-GALLO_RS00330,GALLO_RS00330,Gene,,protein_coding,,GALLO_RS00330,GALLO_0044,171.972742189319,-0.15218778732668,0.331116850691079,-0.459619578432951,0.64578930360118,0.998354106283773,0.0,set()
gene-GALLO_RS00335,GALLO_RS00335,Gene,,protein_coding,,GALLO_RS00335,GALLO_0045,620.999548093202,0.146783729522683,0.201640059718927,0.727949246430939,0.466644655495273,0.998354106283773,0.0,set()
gene-GALLO_RS00340,GALLO_RS00340,Gene,,protein_coding,,GALLO_RS00340,GALLO_0046,306.057338675911,0.150355744010821,0.198183359323659,0.758669872808396,0.448050063273666,0.998354106283773,0.0,set()
gene-GALLO_RS00345,GALLO_RS00345,Gene,,protein_coding,,GALLO_RS00345,GALLO_0047,1032.00286204304,0.0511929697995562,0.206571964059167,0.247821479709092,0.804272534837857,0.998354106283773,0.0,set()
gene-GALLO_RS00350,GALLO_RS00350,Gene,,protein_coding,,GALLO_RS00350,GALLO_0048,473.005703441174,-0.0487352080338828,0.214972028046703,-0.226704880987097,0.820653231452958,0.998354106283773,0.0,set()
gene-GALLO_RS00360,rpsJ,Gene,rpsJ,protein_coding,,GALLO_RS00360,GALLO_0049,19174.0454225843,-0.348791306749987,0.255682357112474,-1.36415867989106,0.17251762971208,0.998354106283773,0.0,set()
gene-GALLO_RS00365,rplC,Gene,rplC,protein_coding,,GALLO_RS00365,GALLO_0050,23964.7170529255,-0.137462296672511,0.270382495690612,-0.508399392946663,0.611173278431875,0.998354106283773,0.0,set()
gene-GALLO_RS00370,rplD,Gene,rplD,protein_coding,,GALLO_RS00370,GALLO_0051,24305.6756149393,-0.324871644148224,0.226114216278859,-1.43675903927938,0.150786472826062,0.998354106283773,0.0,set()
gene-GALLO_RS00375,GALLO_RS00375,Gene,,protein_coding,,GALLO_RS00375,GALLO_0052,9979.50532030246,-0.183796726634897,0.272443070954007,-0.674624338917118,0.499914465597682,0.998354106283773,0.0,set()
gene-GALLO_RS00380,rplB,Gene,rplB,protein_coding,,GALLO_RS00380,GALLO_0053,39071.3543348276,-0.268990261956809,0.243636191778635,-1.10406528682409,0.269564818069736,0.998354106283773,0.0,set()
gene-GALLO_RS00385,rpsS,Gene,rpsS,protein_coding,,GALLO_RS00385,GALLO_0054,8556.81261317663,-0.221989384856367,0.295317083961743,-0.751698418114967,0.452232441929998,0.998354106283773,0.0,set()
gene-GALLO_RS00390,rplV,Gene,rplV,protein_coding,,GALLO_RS00390,GALLO_0055,13245.2750349494,-0.320843562698871,0.274667475389851,-1.16811632772857,0.242759845070867,0.998354106283773,0.0,set()
gene-GALLO_RS00395,rpsC,Gene,rpsC,protein_coding,,GALLO_RS00395,GALLO_0056,30217.770335485,-0.413806083418363,0.25906806785552,-1.59728710235775,0.110201724462831,0.998354106283773,0.0,set()
gene-GALLO_RS00400,rplP,Gene,rplP,protein_coding,,GALLO_RS00400,GALLO_0057,14427.3068759672,-0.296281146158096,0.263475749410039,-1.12451011837527,0.260796680429654,0.998354106283773,0.0,set()
gene-GALLO_RS00405,GALLO_RS00405,Gene,,protein_coding,,GALLO_RS00405,GALLO_0058,2176.58366919235,-0.0901862551927652,0.296120260448095,-0.304559556500098,0.760701626655099,0.998354106283773,0.0,set()
gene-GALLO_RS00410,rpsQ,Gene,rpsQ,protein_coding,,GALLO_RS00410,GALLO_0059,10753.5773108169,-0.200466810966956,0.323667845040962,-0.619359673932348,0.535679440744622,0.998354106283773,0.0,set()
gene-GALLO_RS00415,rplN,Gene,rplN,protein_coding,,GALLO_RS00415,GALLO_0060,7386.49238904248,-0.0628945653753183,0.293678121560373,-0.214161562465554,0.830421069363656,0.998354106283773,0.0,set()
gene-GALLO_RS00420,rplX,Gene,rplX,protein_coding,,GALLO_RS00420,GALLO_0061,8805.66255272807,-0.168337389985282,0.303344510461748,-0.554937980347956,0.578937082341487,0.998354106283773,0.0,set()
gene-GALLO_RS00425,rplE,Gene,rplE,protein_coding,,GALLO_RS00425,GALLO_0062,25995.5563771906,-0.421703157973979,0.310970444994573,-1.35608757925963,0.175071304331311,0.998354106283773,0.0,set()
gene-GALLO_RS00430,GALLO_RS00430,Gene,,protein_coding,,GALLO_RS00430,GALLO_0063,9893.20817580858,-0.374253278589587,0.321218370528383,-1.16510546384369,0.243976305476756,0.998354106283773,0.0,set()
gene-GALLO_RS00435,rpsH,Gene,rpsH,protein_coding,,GALLO_RS00435,GALLO_0064,18419.7234027176,-0.315320400152743,0.309641177536087,-1.01834130286497,0.308515786402422,0.998354106283773,0.0,set()
gene-GALLO_RS00440,rplF,Gene,rplF,protein_coding,,GALLO_RS00440,GALLO_0065,25229.4373396146,-0.330934635423417,0.300196707683642,-1.10239262108153,0.270291018096641,0.998354106283773,0.0,set()
gene-GALLO_RS00445,rplR,Gene,rplR,protein_coding,,GALLO_RS00445,GALLO_0066,11849.8007407959,-0.420326895894763,0.312666812098175,-1.34432846605665,0.17884219441056,0.998354106283773,0.0,set()
gene-GALLO_RS00450,rpsE,Gene,rpsE,protein_coding,,GALLO_RS00450,GALLO_0067,16895.2375885186,-0.249342117041429,0.295750762902526,-0.843081906516021,0.39918263719488,0.998354106283773,0.0,set()
gene-GALLO_RS00455,rpmD,Gene,rpmD,protein_coding,,GALLO_RS00455,GALLO_0068,5574.6882918585,-0.362296329334556,0.331976143240696,-1.09133242466727,0.275126635137779,0.998354106283773,0.0,set()
gene-GALLO_RS00460,rplO,Gene,rplO,protein_coding,,GALLO_RS00460,GALLO_0069,18044.1929331513,-0.265167140243978,0.284044159929266,-0.933541954567948,0.350540219158683,0.998354106283773,0.0,set()
gene-GALLO_RS00465,secY,Gene,secY,protein_coding,,GALLO_RS00465,GALLO_0070,48016.2948965605,-0.371189380714145,0.313768960133036,-1.18300223373517,0.236808262145051,0.998354106283773,0.0,set()
gene-GALLO_RS00470,GALLO_RS00470,Gene,,protein_coding,,GALLO_RS00470,GALLO_0071,2581.31462488731,-0.363284159819779,0.272560293905342,-1.33285796920201,0.182578417885027,0.998354106283773,0.0,set()
gene-GALLO_RS00475,infA,Gene,infA,protein_coding,,GALLO_RS00475,GALLO_0072,16187.919918758,-0.606065111673551,0.261104423035296,-2.32115988166015,0.0202782165079074,0.782089351533654,0.0,set()
gene-GALLO_RS00480,rpmJ,Gene,rpmJ,protein_coding,,GALLO_RS00480,GALLO_0073,3241.98880532995,-0.102957226710554,0.324259144428013,-0.317515260493791,0.7508526618919,0.998354106283773,0.0,set()
gene-GALLO_RS00485,rpsM,Gene,rpsM,protein_coding,,GALLO_RS00485,GALLO_0074,11951.245312966,-0.308594363195874,0.301395955227341,-1.02388355863337,0.305890276829697,0.998354106283773,0.0,set()
gene-GALLO_RS00490,rpsK,Gene,rpsK,protein_coding,,GALLO_RS00490,GALLO_0075,13243.1291172839,-0.347365105370364,0.265592900430495,-1.30788550750914,0.190912145794936,0.998354106283773,0.0,set()
gene-GALLO_RS00495,GALLO_RS00495,Gene,,protein_coding,,GALLO_RS00495,GALLO_0076,47036.210162828,-0.506440471348408,0.253465145313687,-1.99806750834179,0.0457093417320652,0.964786643872257,0.0,set()
gene-GALLO_RS00500,rplQ,Gene,rplQ,protein_coding,,GALLO_RS00500,GALLO_0077,16552.9089767413,-0.383304144650674,0.259608196885779,-1.47647165709224,0.139817318528628,0.998354106283773,0.0,set()
gene-GALLO_RS00505,GALLO_RS00505,Gene,,rRNA,,GALLO_RS00505,GALLO_r0004,3647.60370457777,0.505709270358799,0.582034010865829,0.86886549740712,0.384920703177526,0.998354106283773,0.0,set()
gene-GALLO_RS00510,GALLO_RS00510,Gene,,tRNA,,GALLO_RS00510,GALLO_t0019,206.766224120282,0.384194393818764,0.368638400003096,1.0421985170713,0.297319650447232,0.998354106283773,0.0,set()
gene-GALLO_RS00515,GALLO_RS00515,Gene,,rRNA,,GALLO_RS00515,GALLO_r0005,10855.4365288845,0.412348299971277,0.498504748375348,0.827170255278693,0.408140568266272,0.998354106283773,0.0,set()
gene-GALLO_RS00520,rrf,Gene,rrf,rRNA,,GALLO_RS00520,GALLO_r0006,0.303494131176277,-0.219800818334965,3.82581980328541,-0.0574519526889927,0.954185179048529,0.998354106283773,0.0,set()
gene-GALLO_RS00525,GALLO_RS00525,Gene,,tRNA,,GALLO_RS00525,GALLO_t0020,27.3268111646022,0.0917364689003022,0.481480503920591,0.190529976091061,0.848893855864214,0.998354106283773,0.0,set()
gene-GALLO_RS00530,GALLO_RS00530,Gene,,tRNA,,GALLO_RS00530,GALLO_t0021,117.729441282452,-0.0066238867008375,0.309320946933615,-0.021414284310526,0.982915178946843,0.998354106283773,0.0,set()
gene-GALLO_RS00535,GALLO_RS00535,Gene,,tRNA,,GALLO_RS00535,GALLO_t0022,148.542896364169,-0.335432744727295,0.341247532607754,-0.982960205349988,0.32562702467909,0.998354106283773,0.0,set()
gene-GALLO_RS00540,GALLO_RS00540,Gene,,tRNA,,GALLO_RS00540,GALLO_t0023,209.138364093348,-0.2510150125553,0.255426074184658,-0.982730574224112,0.325740058868951,0.998354106283773,0.0,set()
gene-GALLO_RS00545,GALLO_RS00545,Gene,,tRNA,,GALLO_RS00545,GALLO_t0024,1081.87570603806,0.961604823782445,0.477192393371503,2.0151302433562,0.0438910041238332,0.964786643872257,0.0,set()
gene-GALLO_RS00550,GALLO_RS00550,Gene,,tRNA,,GALLO_RS00550,GALLO_t0025,171.229552566982,0.363148655381002,0.478775075604687,0.758495322510993,0.44815451215788,0.998354106283773,0.0,set()
gene-GALLO_RS00555,GALLO_RS00555,Gene,,tRNA,,GALLO_RS00555,GALLO_t0026,70.4942466560539,-0.0531249561729952,0.427917814490822,-0.124147568467577,0.901198435265376,0.998354106283773,0.0,set()
gene-GALLO_RS00560,GALLO_RS00560,Gene,,tRNA,,GALLO_RS00560,GALLO_t0027,32.1706224722429,1.130690532576,0.492310162277243,2.29670362144434,0.0216356827262012,0.782089351533654,0.0,set()
gene-GALLO_RS00565,GALLO_RS00565,Gene,,tRNA,,GALLO_RS00565,GALLO_t0028,59.3005208099991,0.161733018577701,0.305805638329926,0.52887520145463,0.596892025823739,0.998354106283773,0.0,set()
gene-GALLO_RS00570,GALLO_RS00570,Gene,,tRNA,,GALLO_RS00570,GALLO_t0029,170.394922220402,-0.0747513559412575,0.511398940170316,-0.146170338007275,0.883786920871441,0.998354106283773,0.0,set()
gene-GALLO_RS00575,GALLO_RS00575,Gene,,tRNA,,GALLO_RS00575,GALLO_t0030,166.212261314929,0.135663332648078,0.497454682856947,0.272714957408674,0.785072336040603,0.998354106283773,0.0,set()
gene-GALLO_RS00580,GALLO_RS00580,Gene,,tRNA,,GALLO_RS00580,GALLO_t0031,153.463080544723,-0.0368508136679452,0.435227404212635,-0.0846702512554594,0.932523547072898,0.998354106283773,0.0,set()
gene-GALLO_RS00585,GALLO_RS00585,Gene,,protein_coding,,GALLO_RS00585,GALLO_0078,782.082248093596,0.100680940557104,0.221946335724109,0.453627406051237,0.650097024501477,0.998354106283773,0.0,set()
gene-GALLO_RS00590,GALLO_RS00590,Gene,,protein_coding,,GALLO_RS00590,GALLO_0079,892.719112293252,0.0443364180422861,0.224736233203285,0.197282019949946,0.843606848849069,0.998354106283773,0.0,set()
gene-GALLO_RS00595,GALLO_RS00595,Gene,,protein_coding,,GALLO_RS00595,GALLO_0080,1228.04059230752,0.0563451016122199,0.224280135094,0.251226447623659,0.801639037875027,0.998354106283773,0.0,set()
gene-GALLO_RS00600,GALLO_RS00600,Gene,,protein_coding,,GALLO_RS00600,GALLO_0081,1563.46951292715,-0.0621480568273436,0.234054676033227,-0.265527943643906,0.790602786265264,0.998354106283773,0.0,set()
gene-GALLO_RS00605,GALLO_RS00605,Gene,,protein_coding,,GALLO_RS00605,GALLO_0082,7073.1795338168,0.198614904114319,0.201293863219317,0.986691302645031,0.323793995076765,0.998354106283773,0.0,set()
gene-GALLO_RS00610,GALLO_RS00610,Gene,,protein_coding,,GALLO_RS00610,GALLO_0083,8677.63628155585,0.0621444693887897,0.127262756897949,0.488316227807502,0.625325868782104,0.998354106283773,0.0,set()
gene-GALLO_RS00615,rpoB,Gene,rpoB,protein_coding,,GALLO_RS00615,GALLO_0084,40110.0626882592,-0.234304298824363,0.173203821497282,-1.35276633505479,0.176130290825277,0.998354106283773,0.0,set()
gene-GALLO_RS00620,rpoC,Gene,rpoC,protein_coding,,GALLO_RS00620,GALLO_0085,39455.2902549852,-0.248981009393105,0.232915414946922,-1.06897608923756,0.285080443771279,0.998354106283773,0.0,set()
gene-GALLO_RS00625,GALLO_RS00625,Gene,,protein_coding,,GALLO_RS00625,GALLO_0086,428.554162613474,0.280296850649478,0.498201227633917,0.562617743799384,0.573695206843693,0.998354106283773,0.0,set()
gene-GALLO_RS00630,tadA,Gene,tadA,protein_coding,,GALLO_RS00630,GALLO_0087,7.65293226094656,0.830606433388578,0.679528744690551,1.22232714933469,0.221583936360691,0.998354106283773,0.0,set()
gene-GALLO_RS00635,GALLO_RS00635,Gene,,protein_coding,,GALLO_RS00635,GALLO_0088,7.1345799475437,1.75188164525806,0.905525021280663,1.9346584623144,0.0530322207794448,0.984223256809786,0.0,set()
gene-GALLO_RS00640,GALLO_RS00640,Gene,,protein_coding,,GALLO_RS00640,GALLO_0089,0.536993322801798,0.7206842370971,3.28790954218105,0.219192233804289,0.826500304921928,0.998354106283773,0.0,set()
gene-GALLO_RS00645,GALLO_RS00645,Gene,,protein_coding,,GALLO_RS00645,GALLO_0090,2.29574394367915,-1.02582254981765,1.2215363930448,-0.839780587511346,0.401031419723903,0.998354106283773,0.0,set()
gene-GALLO_RS00650,GALLO_RS00650,Gene,,protein_coding,,GALLO_RS00650,GALLO_0091,0.740721408230727,-0.432645124820149,3.09103860073679,-0.139967558061883,0.88868562293465,0.998354106283773,0.0,set()
gene-GALLO_RS00655,GALLO_RS00655,Gene,,protein_coding,,GALLO_RS00655,GALLO_0092,3.11460703694821,-0.0362647363671946,1.03116335945106,-0.0351687596682064,0.971945172987115,0.998354106283773,0.0,set()
gene-GALLO_RS00660,GALLO_RS00660,Gene,,protein_coding,,GALLO_RS00660,GALLO_0093,3.54956358236507,0.894166724751347,1.1867823922725,0.753437808458851,0.451186870159201,0.998354106283773,0.0,set()
gene-GALLO_RS00665,GALLO_RS00665,Gene,,protein_coding,,GALLO_RS00665,GALLO_0094,992.319770027967,0.0639940590572698,0.24263857358059,0.263742314805584,0.791978487089418,0.998354106283773,0.0,set()
gene-GALLO_RS00670,GALLO_RS00670,Gene,,protein_coding,,GALLO_RS00670,GALLO_0095,4092.31357995283,-0.361180761428868,0.369841944590379,-0.976581392975574,0.328776434578686,0.998354106283773,0.0,set()
gene-GALLO_RS00675,GALLO_RS00675,Gene,,protein_coding,,GALLO_RS00675,GALLO_0096,59.6555066681231,0.17128932976135,0.296518007058035,0.577669233180248,0.563487454900505,0.998354106283773,0.0,set()
gene-GALLO_RS00680,GALLO_RS00680,Gene,,protein_coding,,GALLO_RS00680,GALLO_0097,75.7195773067217,0.167423084752582,0.289307582745987,0.578702718965994,0.562789781049227,0.998354106283773,0.0,set()
gene-GALLO_RS00685,GALLO_RS00685,Gene,,protein_coding,,GALLO_RS00685,GALLO_0098,102.046420845472,0.169316881440726,0.333832172827315,0.507191622684941,0.61202037241041,0.998354106283773,0.0,set()
gene-GALLO_RS00690,GALLO_RS00690,Gene,,protein_coding,,GALLO_RS00690,GALLO_0099,139.485715086787,0.116093566650751,0.229569546228654,0.505701076462122,0.613066512485109,0.998354106283773,0.0,set()
gene-GALLO_RS00695,GALLO_RS00695,Gene,,protein_coding,,GALLO_RS00695,GALLO_0100,3223.42948552872,-0.0479038411128991,0.180390019532778,-0.265557048205733,0.790580368647334,0.998354106283773,0.0,set()
gene-GALLO_RS00700,pepA,Gene,pepA,protein_coding,,GALLO_RS00700,GALLO_0101,4513.10671041458,0.0107766578204591,0.1930022837589,0.0558369445717098,0.955471703328037,0.998354106283773,0.0,set()
gene-GALLO_RS11650,GALLO_RS11650,Gene,,protein_coding,,GALLO_RS11650,GALLO_0103,227.474679386269,0.591569534182908,0.267592701272422,2.21070878005997,0.0270560101358876,0.792602348211578,0.0,set()
gene-GALLO_RS00705,GALLO_RS00705,Gene,,protein_coding,,GALLO_RS00705,GALLO_0104,723.953328567878,0.20123950502419,0.175201433664348,1.14861791262351,0.250713567545557,0.998354106283773,0.0,set()
gene-GALLO_RS00710,GALLO_RS00710,Gene,,protein_coding,,GALLO_RS00710,GALLO_0105,2797.87918614418,-0.0278934891009247,0.155598676120237,-0.179265594003964,0.857729161206005,0.998354106283773,0.0,set()
gene-GALLO_RS00720,GALLO_RS00720,Gene,,protein_coding,,GALLO_RS00720,GALLO_0108,6.29599730277037,0.51604373844167,0.794158895157242,0.649799103917981,0.515821997847237,0.998354106283773,0.0,set()
gene-GALLO_RS00725,GALLO_RS00725,Gene,,protein_coding,,GALLO_RS00725,GALLO_0109,282.303162978138,0.85428853606504,0.438620962661043,1.9476691922844,0.0514545586780714,0.984223256809786,0.0,set()
gene-GALLO_RS00730,GALLO_RS00730,Gene,,protein_coding,,GALLO_RS00730,GALLO_0110,53.701392512203,0.999699157708605,0.613608892908259,1.62921230324814,0.10326808332601,0.998354106283773,0.0,set()
gene-GALLO_RS00735,GALLO_RS00735,Gene,,protein_coding,,GALLO_RS00735,GALLO_0111,49.9673789414238,0.471905626505272,0.328994764975841,1.43438643025194,0.151462017872928,0.998354106283773,0.0,set()
gene-GALLO_RS00740,GALLO_RS00740,Gene,,protein_coding,,GALLO_RS00740,GALLO_0112,97.1586221613708,-1.50449166106839,0.65616556113108,-2.29285374025877,0.0218564268568194,0.782089351533654,0.0,set()
gene-GALLO_RS00745,GALLO_RS00745,Gene,,protein_coding,,GALLO_RS00745,GALLO_0113,427.32873760993,-0.306006391845994,0.238590315975392,-1.28255998402532,0.199646277151833,0.998354106283773,0.0,set()
gene-GALLO_RS00750,GALLO_RS00750,Gene,,protein_coding,,GALLO_RS00750,GALLO_0114,435.248401237301,-0.309195213413889,0.245837723617174,-1.25772077964478,0.208492754534016,0.998354106283773,0.0,set()
gene-GALLO_RS00755,GALLO_RS00755,Gene,,protein_coding,,GALLO_RS00755,GALLO_0115,302.680566582741,-0.537266255014056,0.175751823248642,-3.05695978046253,0.0022359427512002,0.269224274582383,0.0,set()
gene-GALLO_RS00760,GALLO_RS00760,Gene,,protein_coding,,GALLO_RS00760,GALLO_0116,720.910861235188,-0.284223865994203,0.217611610739119,-1.30610616331011,0.191516457318094,0.998354106283773,0.0,set()
gene-GALLO_RS00765,GALLO_RS00765,Gene,,protein_coding,,GALLO_RS00765,GALLO_0117,1675.21415903935,-2.56827907315222,1.90002424288541,-1.3517085809663,0.176468558922938,0.998354106283773,0.0,set()
gene-GALLO_RS00770,GALLO_RS00770,Gene,,protein_coding,,GALLO_RS00770,GALLO_0118,1107.21953408578,-3.65985634092063,1.58478651080511,-2.30936868528831,0.0209231311807154,0.782089351533654,0.0,set()
gene-GALLO_RS00775,GALLO_RS00775,Gene,,protein_coding,,GALLO_RS00775,GALLO_0119,918.01820655609,-3.79797436564327,1.40375591611699,-2.70558030925282,,,0.0,set()
gene-GALLO_RS00780,GALLO_RS00780,Gene,,protein_coding,,GALLO_RS00780,GALLO_0120,619.179191025738,-3.16083042716314,1.35328942214763,-2.33566477017679,0.0195087199825113,0.782089351533654,0.0,set()
gene-GALLO_RS00785,GALLO_RS00785,Gene,,protein_coding,,GALLO_RS00785,GALLO_0121,151.354038194655,-2.98684355885517,1.2777772698783,-2.33753067084974,,,0.0,set()
gene-GALLO_RS00790,GALLO_RS00790,Gene,,protein_coding,,GALLO_RS00790,GALLO_0122,4849.7938220024,-0.437137119077887,0.250756956781544,-1.74327015564603,0.0812864359086492,0.998354106283773,0.0,set()
gene-GALLO_RS00795,GALLO_RS00795,Gene,,protein_coding,,GALLO_RS00795,GALLO_0123,1668.12718232508,-0.408352016077844,0.331131224686316,-1.23320298913121,0.217500040453076,0.998354106283773,0.0,set()
gene-GALLO_RS00800,groES,Gene,groES,protein_coding,,GALLO_RS00800,GALLO_0124,481.051881740155,0.136281200475751,0.363087489602321,0.375339840612564,0.707407739837769,0.998354106283773,0.0,set()
gene-GALLO_RS00805,groL,Gene,groL,protein_coding,,GALLO_RS00805,GALLO_0125,3246.86678961166,0.211452948665969,0.370694077682013,0.57042440491147,0.568389880867495,0.998354106283773,0.0,set()
gene-GALLO_RS00810,GALLO_RS00810,Gene,,protein_coding,,GALLO_RS00810,GALLO_0126,455.537488618146,0.0263965128379614,0.292898585649482,0.0901216807839102,0.928190520548603,0.998354106283773,0.0,set()
gene-GALLO_RS00815,GALLO_RS00815,Gene,,protein_coding,,GALLO_RS00815,GALLO_0127,1845.11987841256,0.250484155569424,0.139119354905474,1.8004982537449,0.0717819990743359,0.998354106283773,0.0,set()
gene-GALLO_RS00820,GALLO_RS00820,Gene,,protein_coding,,GALLO_RS00820,GALLO_0128,1021.86802606668,0.0504261475154956,0.177691867099263,0.283784217807371,0.776575749886037,0.998354106283773,0.0,set()
gene-GALLO_RS00825,GALLO_RS00825,Gene,,protein_coding,,GALLO_RS00825,GALLO_0129,1307.92174252113,0.116554662624373,0.216953489242269,0.53723340901984,0.591106396642663,0.998354106283773,0.0,set()
gene-GALLO_RS00830,GALLO_RS00830,Gene,,protein_coding,,GALLO_RS00830,GALLO_0130,4227.53484625499,0.188730237572147,0.186633401146493,1.01123505445849,0.311903941792383,0.998354106283773,0.0,set()
gene-GALLO_RS11660,rpmG,Gene,rpmG,protein_coding,,GALLO_RS11660,GALLO_0131,1311.98926439154,0.390050111368263,0.192765305094849,2.02344561525914,0.0430272252867098,0.964786643872257,0.0,set()
gene-GALLO_RS00835,secE,Gene,secE,protein_coding,,GALLO_RS00835,GALLO_0132,568.094326344927,0.623280419111354,0.301055733422464,2.07031572535017,0.0384227879290959,0.940563171506723,0.0,set()
gene-GALLO_RS00840,nusG,Gene,nusG,protein_coding,,GALLO_RS00840,GALLO_0133,1261.26143516321,-0.050155622000375,0.272630929880306,-0.183968935668433,0.854037824700422,0.998354106283773,0.0,set()
gene-GALLO_RS00845,GALLO_RS00845,Gene,,protein_coding,,GALLO_RS00845,GALLO_0134,226.170190588205,-0.0813906465535766,0.173688289757398,-0.468601807682375,0.639354284948878,0.998354106283773,0.0,set()
gene-GALLO_RS00850,GALLO_RS00850,Gene,,protein_coding,,GALLO_RS00850,GALLO_0135,588.473944425614,-0.0462550546004474,0.187382458394447,-0.246848370956255,0.805025573954552,0.998354106283773,0.0,set()
gene-GALLO_RS00855,GALLO_RS00855,Gene,,protein_coding,,GALLO_RS00855,GALLO_0136,21767.5888792739,-0.0297381190351717,0.170322043491394,-0.174599355582968,0.861394454977299,0.998354106283773,0.0,set()
gene-GALLO_RS00860,GALLO_RS00860,Gene,,protein_coding,,GALLO_RS00860,GALLO_0137,316.309274073359,-0.578703721768905,0.539691341284069,-1.07228646728334,0.283591383183333,0.998354106283773,0.0,set()
gene-GALLO_RS00865,GALLO_RS00865,Gene,,protein_coding,,GALLO_RS00865,GALLO_0138,2935.43351406923,0.309365863068189,0.313294931023649,0.987458884372554,0.323417729586341,0.998354106283773,0.0,set()
gene-GALLO_RS00870,GALLO_RS00870,Gene,,protein_coding,,GALLO_RS00870,GALLO_0139,462.88365217554,0.112598995781018,0.340993267755295,0.330208852867506,0.741242158048667,0.998354106283773,0.0,set()
gene-GALLO_RS00875,GALLO_RS00875,Gene,,protein_coding,,GALLO_RS00875,GALLO_0140,947.452031448368,0.180471467904357,0.416910368066339,0.432878339633043,0.665103156725586,0.998354106283773,0.0,set()
gene-GALLO_RS00880,GALLO_RS00880,Gene,,tRNA,,GALLO_RS00880,GALLO_t0032,32.223815145829,0.742839952850714,0.51403554991885,1.4451139672499,0.148425876387163,0.998354106283773,0.0,set()
gene-GALLO_RS11665,ssrS,Gene,ssrS,ncRNA,,GALLO_RS11665,GALLO_0141,4338.50105161606,1.05899162028139,0.434897680860023,2.43503625539507,0.0148902976673092,0.726519762617041,0.0,set()
gene-GALLO_RS00885,GALLO_RS00885,Gene,,protein_coding,,GALLO_RS00885,GALLO_0142,1547.28238326945,0.0954163635352176,0.190821900191921,0.500028369066925,0.617055102064014,0.998354106283773,0.0,set()
gene-GALLO_RS00890,GALLO_RS00890,Gene,,protein_coding,,GALLO_RS00890,GALLO_0143,828.695165505954,0.0602107455970386,0.270351591345307,0.222712747120968,0.823759079753541,0.998354106283773,0.0,set()
gene-GALLO_RS00895,GALLO_RS00895,Gene,,protein_coding,,GALLO_RS00895,GALLO_0144,642.630714714972,0.168507491516568,0.215371320532973,0.782404505388961,0.433976886866443,0.998354106283773,0.0,set()
gene-GALLO_RS00900,GALLO_RS00900,Gene,,protein_coding,,GALLO_RS00900,GALLO_0145,840.330262836252,0.150349170574137,0.209402609615798,0.717990911622304,0.472762890623716,0.998354106283773,0.0,set()
gene-GALLO_RS00905,GALLO_RS00905,Gene,,protein_coding,,GALLO_RS00905,GALLO_0146,992.557726399177,0.291057905549355,0.151325399485403,1.92339096106223,0.054430968651315,0.984223256809786,0.0,set()
gene-GALLO_RS00910,GALLO_RS00910,Gene,,protein_coding,,GALLO_RS00910,GALLO_0147,451.258277259209,0.585651899823489,0.256903586412375,2.27965638005308,0.0226280762758499,0.782089351533654,0.0,set()
gene-GALLO_RS00915,GALLO_RS00915,Gene,,protein_coding,,GALLO_RS00915,GALLO_0148,333.315836448072,-0.2501992541832,0.294234616778231,-0.850339286800435,0.395136480241541,0.998354106283773,0.0,set()
gene-GALLO_RS00920,GALLO_RS00920,Gene,,protein_coding,,GALLO_RS00920,GALLO_0149,19529.6662005812,-2.58792672365958,1.60914172976847,-1.60826524835195,0.107777098281679,0.998354106283773,0.0,set()
gene-GALLO_RS00925,GALLO_RS00925,Gene,,protein_coding,,GALLO_RS00925,GALLO_0150,2178.11557006887,-3.87027579884408,1.44604099063588,-2.67646340864942,,,0.0,set()
gene-GALLO_RS00930,GALLO_RS00930,Gene,,protein_coding,,GALLO_RS00930,GALLO_0151,5640.13171834876,-0.0882395465729535,0.365958201645495,-0.241119193875675,0.809462737017942,0.998354106283773,0.0,set()
gene-GALLO_RS00935,nrdI,Gene,nrdI,protein_coding,,GALLO_RS00935,GALLO_0152,3042.98611115734,-0.11874782929395,0.578759378048477,-0.205176509958865,0.837434221361867,0.998354106283773,0.0,set()
gene-GALLO_RS00940,GALLO_RS00940,Gene,,protein_coding,,GALLO_RS00940,GALLO_0153,138.365492753278,-0.350863024758444,0.356530655070281,-0.984103385694227,0.32506468241126,0.998354106283773,0.0,set()
gene-GALLO_RS00945,GALLO_RS00945,Gene,,protein_coding,,GALLO_RS00945,GALLO_0154,70.487057787284,-0.0103899413192263,0.341528776175158,-0.0304218620626498,0.975730609518851,0.998354106283773,0.0,set()
gene-GALLO_RS00950,GALLO_RS00950,Gene,,protein_coding,,GALLO_RS00950,GALLO_0155,342.716630412265,-0.162604314515185,0.237824504045848,-0.683715562311602,0.494154794527657,0.998354106283773,0.0,set()
gene-GALLO_RS00955,celB,Gene,celB,protein_coding,,GALLO_RS00955,GALLO_0156,218.376693594785,-0.893501968010354,0.47776958447416,-1.87015246898514,0.0614626480240054,0.984223256809786,0.0,set()
gene-GALLO_RS00960,GALLO_RS00960,Gene,,protein_coding,,GALLO_RS00960,GALLO_0157,6272.17639531691,-0.168243589799882,0.244662589075387,-0.687655560401357,0.49166971118172,0.998354106283773,0.0,set()
gene-GALLO_RS00965,manA,Gene,manA,protein_coding,,GALLO_RS00965,GALLO_0158,3117.0125102718,-0.197703082146775,0.244434001230423,-0.808819890651807,0.418618753299778,0.998354106283773,0.0,set()
gene-GALLO_RS00970,GALLO_RS00970,Gene,,protein_coding,,GALLO_RS00970,GALLO_0159,133.996477863149,-0.0799966079125596,0.256456380371144,-0.311930659696547,0.755093221137432,0.998354106283773,0.0,set()
gene-GALLO_RS00975,GALLO_RS00975,Gene,,protein_coding,,GALLO_RS00975,GALLO_0160,502.357084212379,-0.288904519004722,0.23958017191518,-1.20587825234137,0.227864437208835,0.998354106283773,0.0,set()
gene-GALLO_RS00980,panB,Gene,panB,protein_coding,,GALLO_RS00980,GALLO_0161,649.204834734382,-0.0783596975428084,0.240991063699241,-0.325156030020274,0.745062984979913,0.998354106283773,0.0,set()
gene-GALLO_RS00985,GALLO_RS00985,Gene,,protein_coding,,GALLO_RS00985,GALLO_0162,114.257827386889,-0.543079254318965,0.333368631883246,-1.62906525203357,0.103299206198385,0.998354106283773,0.0,set()
gene-GALLO_RS00990,GALLO_RS00990,Gene,,protein_coding,,GALLO_RS00990,GALLO_0163,14.9016592562868,-0.510572296489734,0.500758538679948,-1.01959778426476,0.307919256280404,0.998354106283773,0.0,set()
gene-GALLO_RS00995,GALLO_RS00995,Gene,,protein_coding,,GALLO_RS00995,GALLO_0164,4.55410959418534,0.60332967161433,1.04100020521514,0.579567293639144,0.562206454220429,0.998354106283773,0.0,set()
gene-GALLO_RS01000,GALLO_RS01000,Gene,,protein_coding,,GALLO_RS01000,GALLO_0165,10.7267675318042,0.10473693417207,0.550756119915115,0.190169351523888,0.849176426789469,0.998354106283773,0.0,set()
