"baseMean","baseVar","allZero","dispGeneEst","dispGeneIter","dispFit","dispersion","dispIter","dispOutlier","dispMAP","Intercept","condition_A_vs_B","SE_Intercept","SE_condition_A_vs_B","WaldStatistic_Intercept","WaldStatistic_condition_A_vs_B","WaldPvalue_Intercept","WaldPvalue_condition_A_vs_B","betaConv","betaIter","deviance","maxCooks"
"gene-GALLO_RS00005",4598.53998056734,126073.85983033,FALSE,0.00510944923920584,4,0.0540104654455531,0.0151994173530496,8,FALSE,0.0151994173530496,12.1109860864179,0.109920006288785,0.103395327177615,0.146268122423878,117.132818445589,0.751496665625075,0,0.452353806727169,TRUE,2,88.5597117568918,0.0923794969223171
"gene-GALLO_RS00010",5018.81246970657,128044.604733517,FALSE,0.00411346797568311,8,0.0539526363077968,0.0141721590092227,9,FALSE,0.0141721590092227,12.2390907898495,0.10628522956363,0.099827544790226,0.141221460477945,122.602342024622,0.752613867636843,0,0.451681981856441,TRUE,2,89.0475979874683,0.0614939744426055
"gene-GALLO_RS00015",7315.09605363725,2064213.85531048,FALSE,0.038272665648287,5,0.0537540079695214,0.0415115106268955,8,FALSE,0.0415115106268955,12.7293490024843,0.207316533935247,0.169985195006267,0.240399241724537,74.8850451476964,0.86238430890228,0,0.388476072254142,TRUE,3,102.102835424329,0.631816647495624
"gene-GALLO_RS00020",756.756219767213,42495.792883141,FALSE,0.0819076732454271,4,0.0575163179468948,0.0729959371141647,9,FALSE,0.0729959371141647,9.5022446778537,0.121101642099571,0.227003708743135,0.321145120783745,41.8594248105696,0.377093202612035,0,0.706104342504049,TRUE,3,79.2742295013079,0.482238974157725
"gene-GALLO_RS00025",4830.97284600171,1416377.84376412,FALSE,0.0604800817446764,5,0.053977239322976,0.0626148300447287,8,FALSE,0.0626148300447287,12.1612472442208,0.149915228410901,0.208762862801689,0.295249787502306,58.25388232855,0.507757277927694,0,0.61162357404361,TRUE,3,100.356319678596,0.382802184181044
"gene-GALLO_RS00030",261.013844385553,5584.61353318979,FALSE,0.0995929338132231,5,0.065486590828713,0.0866087221053824,8,FALSE,0.0866087221053824,8.05736429533918,-0.0576850283863118,0.250005164112541,0.354325097222914,32.2287914489323,-0.162802547260774,6.97470534896603e-228,0.870673902604311,TRUE,3,67.744914377409,0.323864257965884
"gene-GALLO_RS00035",2963.15025913338,744109.378625298,FALSE,0.0844073957166471,4,0.0543916052546954,0.0764636961538226,7,FALSE,0.0764636961538226,11.3936116995825,0.266441840785052,0.230843605007989,0.326454354845943,49.3564103679121,0.816168744052406,0,0.41440363070715,TRUE,3,95.9939643077979,0.154520573762774
"gene-GALLO_RS00040",484.678270395678,14722.4363328101,FALSE,0.0449410925092897,7,0.0598720206862203,0.0493078476128874,8,FALSE,0.0493078476128874,8.71972810760701,0.378996263694638,0.189036397129398,0.26706548358127,46.1272444884688,1.41911361443048,0,0.155865895376803,TRUE,3,70.809078627083,0.732563799834189
"gene-GALLO_RS00045",604.70586366812,3538.23000881096,FALSE,0.00587391054706667,4,0.0585714916333778,0.0188498568984169,9,FALSE,0.0188498568984169,9.16687704388404,0.141254581184902,0.119150027096045,0.16872125165812,76.9355850544185,0.837206811807714,0,0.40247632922321,TRUE,2,66.0348022933409,0.14794629259878
"gene-GALLO_RS00050",790.136877302437,6646.23971307465,FALSE,0.00484622671843346,4,0.0573390324347941,0.0173916477651821,8,FALSE,0.0173916477651821,9.53089448798935,0.183068572374323,0.113734483175123,0.160940709461616,83.7995146407282,1.13749077524716,0,0.255333178745172,TRUE,2,68.5740580570036,0.121390901719663
"gene-GALLO_RS00055",2.52056773195815,4.41596185540002,FALSE,0.300566575820462,6,1.31322638429679,0.819923835008007,8,FALSE,0.819923835008007,1.77984472874876,-1.18544361898577,0.869545147609383,1.34952081847501,2.04686868030031,-0.878418178331881,0.0406709799775677,0.37971682288748,TRUE,5,24.0442060581395,0.871670795916451
"gene-GALLO_RS00060",3012.23842457672,122606.316559995,FALSE,0.000802201024385867,3,0.0543741401789904,0.0102861821959236,7,FALSE,0.0102861821959236,11.4028454475876,0.292561037710712,0.085871850228496,0.121402601161146,132.789096977016,2.40984159245793,0,0.0159594481712756,TRUE,2,80.3147629987551,0.0261552576813959
"gene-GALLO_RS00065",1296.0627392913,3591.41986627201,FALSE,0.00149073241112786,4,0.0557701326147156,0.0123014826721993,8,FALSE,0.0123014826721993,10.3595054517353,-0.0398860061480119,0.0949956551748041,0.134723741256216,109.052413320089,-0.296057738421598,0,0.76718598778333,TRUE,2,71.7361117051506,0.0321054100446172
"gene-GALLO_RS00070",3722.20361828561,126525.667585392,FALSE,0.00611712500438929,7,0.0541730530486431,0.0165844372463985,5,FALSE,0.0165844372463985,11.9414337304034,-0.163484828861419,0.108026099664198,0.152942119767766,110.542116835873,-1.06893267276314,0,0.285100008255189,TRUE,2,86.7169196865304,0.0706313501125682
"gene-GALLO_RS00075",18953.1926198422,594854.490908221,FALSE,0.0016026959892124,4,0.0534874349221728,0.0109075294648864,8,FALSE,0.0109075294648864,14.2192553284827,-0.0182763786025572,0.0871851598662524,0.123324717452354,163.092610603639,-0.148197206367963,0,0.882187136470226,TRUE,2,102.881839486496,0.0318707595740295
"gene-GALLO_RS00080",388.717205664169,4754.89253511878,FALSE,0.0313359860730727,8,0.0614895212260637,0.0410444960474056,8,FALSE,0.0410444960474056,8.70281809875108,-0.206973039329051,0.173261957015856,0.246151019762458,50.229249678593,-0.840837626952694,0,0.400438904696481,TRUE,3,66.8708131028876,0.743641030202094
"gene-GALLO_RS00085",3710.61126053159,4105825.55489726,FALSE,0.398498409114853,8,0.0541757184516305,0.239927903148949,6,FALSE,0.239927903148949,12.0721760785752,-0.467347287699838,0.408177350103241,0.577331098957924,29.5758107977373,-0.809496125435465,3.05921254091665e-192,0.418229830592227,TRUE,4,106.72214047712,10.769222659345
"gene-GALLO_RS00090",200.81449557223,5570.88604444632,FALSE,0.143725980990355,4,0.069133877346467,0.113850476414389,6,FALSE,0.113850476414389,7.74154568168061,-0.192631096853161,0.286345003714859,0.406227753158168,27.0357281644404,-0.474194821391632,5.62143630297195e-161,0.63536098591384,TRUE,3,66.5475515835493,0.750229090081036
"gene-GALLO_RS00095",10843.4269404858,23219713.4229004,FALSE,0.277140926508365,8,0.053612747903323,0.178377601726808,7,FALSE,0.178377601726808,13.5992585713761,-0.419985420723772,0.351864035832003,0.497640811084441,38.6491860107835,-0.843952930244116,0,0.398695708819307,TRUE,3,117.691315599572,1.41781552346201
"gene-GALLO_RS00100",0.314788716531504,0.237957199262284,FALSE,1e-08,28,10.1416092969701,8.4085600519598,6,FALSE,8.4085600519598,-0.671675189600524,-1.66118137029015,2.61877039142766,3.75220033024597,-0.256484948737469,-0.442721929556798,0.797576401003731,0.657966878531588,TRUE,4,11.2012616183487,0.259461314806395
"gene-GALLO_RS00105",32.155607074367,106.574924981806,FALSE,0.0930264284238788,4,0.152079629911226,0.117263537113466,6,FALSE,0.117263537113466,4.94338673175442,0.117020263231703,0.319774264965189,0.454085469604493,15.4589886471713,0.257705368404823,6.56207261378125e-54,0.796634302632363,TRUE,3,44.3495325944559,0.315789908547045
"gene-GALLO_RS00110",53.3357433982347,622.775275298707,FALSE,0.231923118680525,8,0.112861184462669,0.181289857404263,8,FALSE,0.181289857404263,5.98067990405472,-0.552145266113582,0.368729252130357,0.528461967722065,16.2197055685193,-1.04481552096096,3.65944755034643e-59,0.296108240007773,TRUE,3,53.395155410411,0.714356533466636
"gene-GALLO_RS00115",147.271679285206,1302.8721514066,FALSE,0.0670387898765729,8,0.0748832916219413,0.0699352918397044,8,FALSE,0.0699352918397044,7.26888115642717,-0.139146766788315,0.229543967394469,0.326505313290463,31.6666181165009,-0.426169992108301,4.47864170313984e-220,0.669983981729726,TRUE,3,59.2428617426195,0.24616235015944
"gene-GALLO_RS00120",24.8480309905553,61.7312093590901,FALSE,0.0949385340187633,5,0.181123958560758,0.133616989847594,7,FALSE,0.133616989847594,4.73415544010806,-0.213221308861301,0.341852570348598,0.492294369938376,13.8485296023385,-0.433117504244445,1.29842830482421e-43,0.664929406790524,TRUE,3,42.2072246001294,0.72558671151268
"gene-GALLO_RS00125",125.081728373989,1736.80562486312,FALSE,0.143279475342673,8,0.0787087186204298,0.116846469560096,8,FALSE,0.116846469560096,7.13435116570764,-0.358846931485914,0.292650951818246,0.416666687821907,24.3783631024666,-0.861232591839196,2.90139150777144e-131,0.389109953062101,TRUE,3,60.9800652074671,1.84991347076607
"gene-GALLO_RS00130",63.0293989459485,476.385798303072,FALSE,0.134159931247534,8,0.103703983295986,0.120537820149888,6,FALSE,0.120537820149888,6.14612629662633,-0.362242634722807,0.304480739601354,0.43593179689072,20.1855996036834,-0.830961717650559,1.31028217970734e-90,0.405995256151381,TRUE,3,52.862084519392,1.2724088520689
"gene-GALLO_RS00135",468.670656386458,16484.231746287,FALSE,0.099177210359068,5,0.060095811358502,0.0843802227467937,9,FALSE,0.0843802227467937,8.86333536639767,0.0179793120627654,0.24479193566619,0.346511212578248,36.2076280914912,0.0518866674731497,4.61786825322108e-287,0.958618997781038,TRUE,3,74.621176073125,0.245593470047355
"gene-GALLO_RS00140",26.4580875241623,82.0622957130801,FALSE,0.0963064197355522,3,0.173346684797741,0.127691812333444,5,FALSE,0.127691812333444,4.79896080390835,-0.160017561745059,0.334202125355864,0.48010448388924,14.3594562685631,-0.333297369874127,9.29535482697856e-47,0.738909824538849,TRUE,3,42.4935878575346,0.611543016863717
"gene-GALLO_RS00145",42.3015240865456,284.124039566668,FALSE,0.188156870729388,8,0.128392345892066,0.1627797916522,8,FALSE,0.1627797916522,5.597729671941,-0.415783663947884,0.355267335158519,0.50983946012513,15.7563871427789,-0.815518798497547,6.20820587909353e-56,0.414775408635618,TRUE,3,49.9407206445802,0.341174869901029
"gene-GALLO_RS00150",113.205148032677,1000.54628403311,FALSE,0.0840956296794398,8,0.0813723127564374,0.0831646810719178,5,FALSE,0.0831646810719178,6.91601945052763,-0.190330132330684,0.251046414283251,0.357575283285487,27.5487681043889,-0.532279889655364,4.57833776517292e-167,0.594532158499745,TRUE,3,57.2977076920152,0.312174469154755
"gene-GALLO_RS00155",358.413931156759,8649.9240509592,FALSE,0.0367689707445463,5,0.0621802500888238,0.0449590908195631,8,FALSE,0.0449590908195631,8.18552250008902,0.547825231226597,0.182760027278704,0.257624604465074,44.7883633088231,2.12644763633539,0,0.0334660049145345,TRUE,3,66.3984061077104,0.736598170888173
"gene-GALLO_RS00160",977.258840633179,242828.451939017,FALSE,0.245165235164588,6,0.0565694599780839,0.162953206904056,10,FALSE,0.162953206904056,10.3429968332914,-0.986670462747324,0.336972386832383,0.477242707427752,30.6939002644041,-2.06743958030347,6.86505184434327e-207,0.0386927519131868,TRUE,3,87.6061455054009,0.494590707651433
"gene-GALLO_RS00165",167.562168791205,5803.67679519399,FALSE,0.228641766720628,5,0.0722721285064037,0.16197439821927,8,FALSE,0.16197439821927,7.59945035440236,-0.459377474381392,0.340135852360945,0.483147478796889,22.3423973146412,-0.950801762487332,1.43151103796386e-110,0.341705017728389,TRUE,3,66.7349111629614,0.442312123451767
"gene-GALLO_RS00170",105.08434381979,836.268326968895,FALSE,0.087944490159039,8,0.0835401742742977,0.0860995846430541,6,FALSE,0.0860995846430541,6.69219075067809,0.0454088459540006,0.25681554326106,0.364373698918323,26.0583556030146,0.124621634571323,1.08180763560481e-149,0.900823100008488,TRUE,3,56.6991009689517,1.02922773333017
"gene-GALLO_RS00175",55.642832740401,152.348856512015,FALSE,0.0375566455319699,3,0.110392454895563,0.0648829530000921,4,FALSE,0.0648829530000921,5.76335027024151,0.0799912721823452,0.238440049064116,0.339102414605272,24.1710664498805,0.235891190204169,4.48437128385779e-129,0.813517104570235,TRUE,3,46.8333386065624,1.01292457075706
"gene-GALLO_RS00180",77.452030875239,358.18302178253,FALSE,0.0366139765701843,4,0.0943217714584747,0.0577952209751956,6,FALSE,0.0577952209751956,6.08934163149311,0.342300128658167,0.222580499651755,0.31365052830649,27.3579295626543,1.09134242657383,8.69072137669993e-165,0.275122235704687,TRUE,2,49.9502969787424,0.487169316504884
"gene-GALLO_RS00185",154.624924230147,1806.63834604357,FALSE,0.0958007396889616,8,0.0738578357316156,0.0872899722367526,9,FALSE,0.0872899722367526,7.36643881488434,-0.194720740668828,0.253886453293887,0.360917984907116,29.0146981822512,-0.539515205148175,4.29352752941692e-185,0.5895314081682,TRUE,3,61.4882363253643,1.40437307049132
"gene-GALLO_RS00190",4820.1029295118,614450.188301235,FALSE,0.00818795962960054,2,0.0539787217454438,0.0184893319679993,5,FALSE,0.0184893319679993,12.043169371589,0.360715658486636,0.113930242992593,0.161082285294132,105.706518789502,2.23932543437646,0,0.0251347491302302,TRUE,2,90.6088157002379,0.144894020454922
"gene-GALLO_RS00195",1572.79330521815,183313.150161313,FALSE,0.0176623989917556,7,0.0553390146265306,0.0277754086895386,8,FALSE,0.0277754086895386,10.244845193046,0.671287248013872,0.140713650314984,0.198651250960026,72.8063352070907,3.37922487157633,0,0.000726905241195269,TRUE,2,80.2139842861203,0.337986518474236
"gene-GALLO_RS00200",67608.3345558846,58226963.5854645,FALSE,0.0127237298752968,4,0.0533668528287209,0.0235505526977174,8,FALSE,0.0235505526977174,16.100033787785,-0.112446415190627,0.127860414016665,0.180828836136152,125.918830402712,-0.621838958837089,0,0.534047766049236,TRUE,2,124.302434979098,0.170384442096912
"gene-GALLO_RS00205",9792.36641604712,1394257.34329754,FALSE,0.0143305662245885,3,0.0536441826671333,0.024492077290124,8,FALSE,0.024492077290124,13.1846085087766,0.142069960780573,0.130619410656728,0.184736236839353,100.939121088413,0.76904219340636,0,0.441868262986291,TRUE,2,101.430109359504,0.173464572442538
"gene-GALLO_RS00210",2887.83493130494,157268.65979673,FALSE,0.022341115210071,4,0.0544195560403958,0.0313012856295638,8,FALSE,0.0313012856295638,11.5027945538148,-0.0139305021811479,0.148115294363279,0.209566335568297,77.6610855972927,-0.0664729959770089,0,0.947001256235089,TRUE,2,88.7561564848593,0.382079572820508
"gene-GALLO_RS00215",1319.47838637806,15583.597411262,FALSE,0.0101303381143161,8,0.0557266501104914,0.0213718715594599,6,FALSE,0.0213718715594599,10.3641889076286,0.00349001209240307,0.123755968867,0.175259137638692,83.7469820850983,0.0199134386909854,0,0.984112424746103,TRUE,2,76.3535741921824,0.172253308982753
"gene-GALLO_RS00220",1091.19704201373,12678.2160873903,FALSE,0.0041748725758127,7,0.0562301526328257,0.0154820331185099,9,FALSE,0.0154820331185099,10.1915313558809,-0.207285824360992,0.106260329902159,0.150927276235337,95.9109703994422,-1.3734152601931,0,0.169623288385492,TRUE,2,71.481390197061,0.104029100166867
"gene-GALLO_RS00225",225.44168716766,945.594414451259,FALSE,1e-08,6,0.0674063604878993,0.0160226774083607,8,FALSE,0.0160226774083607,7.98102899825173,-0.350539147002219,0.116882653693057,0.169048352349788,68.2824075778647,-2.07360286054074,0,0.0381162093261577,TRUE,2,52.9041886516469,0.0164712473373555
"gene-GALLO_RS00230",257.744803314151,110.882767841307,FALSE,1e-08,6,0.0656409042164634,0.0157814940751514,8,FALSE,0.0157814940751514,7.9927332609723,0.0354965984991833,0.116076081258415,0.165256331974099,68.8577110315984,0.214797206710039,0,0.829925430793992,TRUE,2,54.4733038504836,0.0246819830062918
"gene-GALLO_RS00235",4180.34803497075,690831.250689685,FALSE,0.0319958840890188,5,0.0540795498386438,0.0373950665836046,8,FALSE,0.0373950665836046,11.8926777370336,0.261813364110804,0.161596589033923,0.228525355941742,73.5948562289087,1.14566439698511,0,0.251934040620933,TRUE,3,94.5456615759298,0.688012801115006
"gene-GALLO_RS00240",1684.40724829231,220459.380834033,FALSE,0.0771032214040102,4,0.0552052207037088,0.0714062815935288,9,FALSE,0.0714062815935288,10.603865967023,0.220206735313025,0.223504378660242,0.316089780891768,47.4436609724876,0.696658824881232,0,0.48601633268838,TRUE,3,88.7016013454265,0.196084142542041
"gene-GALLO_RS00245",1247.20869158618,160530.144560771,FALSE,0.093317456782456,3,0.0558661107013909,0.0796791606691345,6,FALSE,0.0796791606691345,10.096756416403,0.35414396278583,0.23636394374099,0.33419957197285,42.7169908260927,1.05967808604674,0,0.289291075612093,TRUE,3,85.8707364668908,0.227175966979798
"gene-GALLO_RS00250",601.575816341561,54461.7714416046,FALSE,0.105503193618329,4,0.058598816185051,0.0902698943018143,7,FALSE,0.0902698943018143,8.94075480536782,0.535080562454207,0.252857928399831,0.357251290548269,35.3588074613594,1.49777083137482,7.34151938185598e-274,0.134192801653386,TRUE,3,77.9232250287164,0.166235544419822
"gene-GALLO_RS00255",986.805855419352,119069.218326752,FALSE,0.12125180925961,4,0.0565380213953753,0.101162893953068,7,FALSE,0.101162893953068,9.81570463730564,0.251324289193294,0.266269460828267,0.376551355763105,36.8638018298177,0.667436952083121,1.75781926066566e-297,0.504493069201701,TRUE,3,84.8984977921694,0.213536607131137
"gene-GALLO_RS00260",2805.54789210324,1284556.46654281,FALSE,0.160162709333568,4,0.0544518096313487,0.1198458907113,9,FALSE,0.1198458907113,11.2657674872765,0.354955897546207,0.288806203305054,0.408408210694784,39.0080523145029,0.869120375769028,0,0.384781292972282,TRUE,3,98.6710590958374,0.225886660004985
"gene-GALLO_RS00265",2312.73033845264,1709339.40482027,FALSE,0.319142669126829,6,0.0546930112256493,0.210477839445749,4,FALSE,0.210477839445749,11.162449504196,0.0259293777132667,0.382502113924955,0.540980180109558,29.1827132395562,0.0479303654119373,3.2139403698416e-187,0.961771739095208,TRUE,3,100.362088499243,3.72295441274948
"gene-GALLO_RS00270",442.475072175685,43559.3955940541,FALSE,0.270450311934614,8,0.0604969626607877,0.178720365376267,10,FALSE,0.178720365376267,8.87461712910708,-0.17502826604375,0.354068521231157,0.5011781339615,25.0646883214823,-0.349233644054382,1.20756468112832e-138,0.72691391007386,TRUE,3,79.3119403701343,0.282435358951679
"gene-GALLO_RS00275",522.998299664135,49332.0507717836,FALSE,0.197118312049013,5,0.0593919461228903,0.139414135963952,9,FALSE,0.139414135963952,8.97931526271115,0.101817827166448,0.313046908117316,0.442854427324614,28.6836094843208,0.229912632423149,6.10950849764729e-181,0.818159660000085,TRUE,3,79.6151315003355,1.14331703518851
"gene-GALLO_RS00280",1925.56882020605,516991.372518185,FALSE,0.138908754369904,4,0.0549690975097463,0.102337556832634,7,FALSE,0.102337556832634,10.7368926186973,0.329814510339823,0.267165854697046,0.377797961603166,40.1881169690357,0.872991767716988,0,0.3826675648405,TRUE,3,92.9925276839559,0.580669825721227
"gene-GALLO_RS00285",1590.25374669021,60086.7598682728,FALSE,0.00656846855105268,8,0.0553168452320778,0.0179414655669133,5,FALSE,0.0179414655669133,10.4465865423981,0.355564401701742,0.113615448171915,0.160561044254627,91.9468849569742,2.21451226449341,0,0.0267935599710883,TRUE,2,77.097692857949,0.0989311806950385
"gene-GALLO_RS00290",6456.86293625736,1346352.3300567,FALSE,0.0321372295334816,4,0.0538117112306415,0.0415571468369182,9,FALSE,0.0415571468369182,12.5902315910711,0.129919427032784,0.170106485244159,0.240583340724699,74.0138247698198,0.540018384653872,0,0.589184353775122,TRUE,3,100.632474816643,0.216860712214707
"gene-GALLO_RS00295",154.104683394426,228.991540898147,FALSE,1e-08,4,0.0739271696573667,0.02339539642828,9,FALSE,0.02339539642828,7.17780316757397,0.174928713324975,0.143780071542156,0.203749317120253,49.9221004036672,0.858548709744789,0,0.390589545829233,TRUE,2,51.4143337991964,0.145167314208215
"gene-GALLO_RS00305",1305.72004512495,102399.065301853,FALSE,0.0592885139186367,4,0.0557520101785631,0.0600756695947039,7,FALSE,0.0600756695947039,10.2729286155392,0.151577023346189,0.20542566081675,0.290569089506943,50.0080105605848,0.5216557053725,0,0.601910070405643,TRUE,3,84.3283460634052,1.06074197836147
"gene-GALLO_RS00310",412.475705881664,2576.05620701907,FALSE,0.00563134618850591,3,0.0610189519447514,0.0199886717048307,8,FALSE,0.0199886717048307,8.8048202887855,-0.24506280670919,0.123717331077663,0.176564208756138,71.1688508965515,-1.38795290639939,0,0.165151385882317,TRUE,2,61.9181930953002,0.103372523630814
"gene-GALLO_RS00315",6264.55698081944,187747.937567083,FALSE,0.00337257440819383,13,0.0538268091635938,0.0132394828264834,9,FALSE,0.0132394828264834,12.5548606861352,0.114164308402019,0.0963966015614816,0.136359670095538,130.24173552558,0.83722927990389,0,0.402463702215685,TRUE,2,91.1579441282507,0.0479678174164583
"gene-GALLO_RS00320",9219.03235212279,5392641.22688278,FALSE,0.0633404124412262,5,0.0536643510668757,0.0656595040256349,8,FALSE,0.0656595040256349,13.1668432026225,0.00717263338099477,0.213597318307197,0.302092065843335,61.6432982725273,0.0237432034534614,0,0.981057444335675,TRUE,3,108.49650862355,1.00775966235474
"gene-GALLO_RS00325",910.600522996374,72818.0561860494,FALSE,0.0867096203566942,4,0.0568073375708454,0.0778160366153436,6,FALSE,0.0778160366153436,9.71409264463506,0.224958936557651,0.233995087359342,0.330927178284584,41.5140879847502,0.679783805379065,0,0.496641362336274,TRUE,3,81.9617327457403,0.322711543403179
"gene-GALLO_RS00330",171.972742189319,2225.367460433,FALSE,0.0737984491844719,8,0.0717860614870778,0.0731686675943611,5,FALSE,0.0731686675943611,7.35012470722315,0.15218778732668,0.233891854620024,0.331116850691079,31.4253128616387,0.459619578432951,9.12854059785669e-217,0.64578930360118,TRUE,3,61.4066419887299,1.35244920953389
"gene-GALLO_RS00335",620.999548093202,6430.61356793509,FALSE,0.0157670814081643,8,0.0584337007366615,0.0276678775629873,8,FALSE,0.0276678775629873,9.3506628082826,-0.146783729522683,0.142059061540711,0.201640059718927,65.822360832666,-0.727949246430939,0,0.466644655495273,TRUE,2,69.3856460477911,0.211027415069094
"gene-GALLO_RS00340",306.057338675911,1315.565971076,FALSE,0.0100083164457849,4,0.0636959749848963,0.0249933524508479,9,FALSE,0.0249933524508479,8.33189979811013,-0.150355744010821,0.139053933616167,0.198183359323659,59.9184761008546,-0.758669872808396,0,0.448050063273666,TRUE,2,60.125091589774,0.157678081389324
"gene-GALLO_RS00345",1032.00286204304,16710.0239143956,FALSE,0.0193370328968543,8,0.0563970815655106,0.0297738735513257,8,FALSE,0.0297738735513257,10.0370195783222,-0.0511929697995562,0.145838856723232,0.206571964059167,68.8226704723152,-0.247821479709092,0,0.804272534837857,TRUE,3,76.0526479591538,0.395257277643933
"gene-GALLO_RS00350",473.005703441174,3934.66640502817,FALSE,0.0192813881387008,8,0.0600337106771504,0.0311762869901253,8,FALSE,0.0311762869901253,8.86188967147518,0.0487352080338828,0.151697392000556,0.214972028046703,58.4182071597032,0.226704880987097,0,0.820653231452958,TRUE,2,67.0781131142381,0.264676813343387
"gene-GALLO_RS00360",19174.0454225843,20111890.4515509,FALSE,0.0442572409208952,3,0.0534855049836427,0.0470604414725193,9,FALSE,0.0470604414725193,14.0419368889109,0.348791306749987,0.180798713432774,0.255682357112474,77.6661328075879,1.36415867989106,0,0.17251762971208,TRUE,3,114.597568534263,0.608337759063357
"gene-GALLO_RS00365",23964.7170529255,27298558.2069953,FALSE,0.0474908723623333,4,0.0534523959095299,0.0526444610181633,7,FALSE,0.0526444610181633,14.4782412112429,0.137462296672511,0.191186708289102,0.270382495690612,75.7282833142863,0.508399392946663,0,0.611173278431875,TRUE,3,118.228338461511,0.337187074286057
"gene-GALLO_RS00370",24305.6756149393,22734991.899639,FALSE,0.029260251269165,3,0.0534505369998568,0.036804979510242,9,FALSE,0.036804979510242,14.3974322211741,0.324871644148224,0.159889696754719,0.226114216278859,90.0460286897702,1.43675903927938,0,0.150786472826062,TRUE,2,115.515544572991,0.378656072607043
"gene-GALLO_RS00375",9979.50532030246,4883683.92935772,FALSE,0.0489365036981753,4,0.0536381012596775,0.0533915943800831,7,FALSE,0.0533915943800831,13.189896390372,0.183796726634897,0.192643088759561,0.272443070954007,68.4680487387449,0.674624338917118,0,0.499914465597682,TRUE,3,107.815117294025,0.746291005645878
"gene-GALLO_RS00380",39071.3543348276,63577449.8896828,FALSE,0.0376176647875596,3,0.0534011600861039,0.0427526707529374,9,FALSE,0.0427526707529374,15.1130605780545,0.268990261956809,0.172277409868549,0.243636191778635,87.7251439384074,1.10406528682409,0,0.269564818069736,TRUE,2,122.41842738573,0.372979649864906
"gene-GALLO_RS00385",8556.81261317663,4595908.11201247,FALSE,0.0626513549187305,4,0.0536910099193318,0.0627341416046572,2,FALSE,0.0627341416046572,12.9475604017202,0.221989384856367,0.208819801474336,0.295317083961743,62.0035088162438,0.751698418114967,0,0.452232441929998,TRUE,3,107.211684760235,0.926567474253655
"gene-GALLO_RS00390",13245.2750349494,10317654.3491379,FALSE,0.0561396750529382,3,0.0535596405463422,0.0542932279246636,7,FALSE,0.0542932279246636,13.5238458029374,0.320843562698871,0.194223275639906,0.274667475389851,69.6304073668844,1.16811632772857,0,0.242759845070867,TRUE,3,111.294005088297,0.28031144754701
"gene-GALLO_RS00395",30217.770335485,51824345.2192239,FALSE,0.047189743712842,3,0.0534249742270797,0.0483356298165348,8,FALSE,0.0483356298165348,14.6614134008498,0.413806083418363,0.183192728191035,0.25906806785552,80.0327258927044,1.59728710235775,0,0.110201724462831,TRUE,3,120.230190245945,0.554238468088251
"gene-GALLO_RS00400",14427.3068759672,10059474.6821405,FALSE,0.0482587072244391,2,0.053539997012699,0.0499590951035569,9,FALSE,0.0499590951035569,13.660767645265,0.296281146158096,0.186308241748025,0.263475749410039,73.3234746734427,1.12451011837527,0,0.260796680429654,TRUE,3,111.678180477691,0.441757356581078
"gene-GALLO_RS00405",2176.58366919235,265637.06246546,FALSE,0.0670125211164888,5,0.054778901372837,0.0627314452688927,8,FALSE,0.0627314452688927,11.0419496828093,0.0901862551927652,0.209350105810546,0.296120260448095,52.7439412560022,0.304559556500098,0,0.760701626655099,TRUE,3,90.8109361445102,0.474055140323763
"gene-GALLO_RS00410",10753.5773108169,9208176.48334765,FALSE,0.0795344969312354,5,0.0536151949004633,0.0754052630108124,7,FALSE,0.0754052630108124,13.2887913928812,0.200466810966956,0.228866008473667,0.323667845040962,58.0636306872551,0.619359673932348,0,0.535679440744622,TRUE,3,111.383854214677,0.544822071009883
"gene-GALLO_RS00415",7386.49238904248,2982141.97274555,FALSE,0.0545211232231492,5,0.0537498117874581,0.0620198880252018,8,FALSE,0.0620198880252018,12.8188429698842,0.0628945653753183,0.207648178304189,0.293678121560373,61.7334718492232,0.214161562465554,0,0.830421069363656,TRUE,3,105.392264308406,0.633409070383605
"gene-GALLO_RS00420",8805.66255272807,5089336.48268172,FALSE,0.0655206284332015,5,0.0536805217384337,0.0662009675706904,4,FALSE,0.0662009675706904,13.0175604642407,0.168337389985282,0.21449265841281,0.303344510461748,60.6900047794979,0.554937980347956,0,0.578937082341487,TRUE,3,107.9684380119,0.48248095861082
"gene-GALLO_RS00425",25995.5563771906,54400075.8713919,FALSE,0.0804621755430474,3,0.0534420435146003,0.069652422897626,10,FALSE,0.069652422897626,14.43976608491,0.421703157973979,0.219893299491358,0.310970444994573,65.6671491050934,1.35608757925963,0,0.175071304331311,TRUE,3,121.267922738344,1.10360326846296
"gene-GALLO_RS00430",9893.20817580858,7858912.46713541,FALSE,0.0801929220708531,4,0.0536408770518931,0.0742579778369618,7,FALSE,0.0742579778369618,13.0729848392243,0.374253278589587,0.227143226951699,0.321218370528383,57.5539276018309,1.16510546384369,0,0.243976305476756,TRUE,3,110.193566965545,2.09176498819345
"gene-GALLO_RS00435",18419.7234027176,24904472.5788952,FALSE,0.0733477571972407,4,0.0534922875901026,0.0690421250116461,6,FALSE,0.0690421250116461,14.0026961737432,0.315320400152743,0.218951789260651,0.309641177536087,63.9533306442805,1.01834130286497,0,0.308515786402422,TRUE,3,117.121403584642,1.64541860260499
"gene-GALLO_RS00440",25229.4373396146,43043904.3505669,FALSE,0.0675833233426489,4,0.0534457531075895,0.0649061032154183,8,FALSE,0.0649061032154183,14.4478789604919,0.330934635423417,0.212273301608956,0.300196707683642,68.0626289362915,1.10239262108153,0,0.270291018096641,TRUE,3,120.412596321006,1.46582135107984
"gene-GALLO_RS00445",11849.8007407959,11339793.495879,FALSE,0.0806723645665507,3,0.0535878754624882,0.07036806837935,6,FALSE,0.07036806837935,13.30714648284,0.420326895894763,0.2210974563245,0.312666812098175,60.1867913998497,1.34432846605665,0,0.17884219441056,TRUE,3,111.919404929464,1.81753049654795
"gene-GALLO_RS00450",16895.2375885186,18488903.4848094,FALSE,0.0647115548240178,4,0.0535078441179046,0.0629770203469107,8,FALSE,0.0629770203469107,13.9142639241921,0.249342117041429,0.209127849789147,0.295750762902526,66.5347247543602,0.843081906516021,0,0.39918263719488,TRUE,3,115.400016993115,1.19643983317514
"gene-GALLO_RS00455",5574.6882918585,2748621.94870516,FALSE,0.0882640706446711,4,0.0538895416023338,0.0792427487409301,7,FALSE,0.0792427487409301,12.2521641619169,0.362296329334556,0.234754404729131,0.331976143240696,52.191413302996,1.09133242466727,0,0.275126635137779,TRUE,3,103.812602630235,2.2929845690998
"gene-GALLO_RS00460",18044.1929331513,18684249.3727658,FALSE,0.0573293780187546,4,0.0534958756633785,0.0580892330072262,7,FALSE,0.0580892330072262,14.000570562539,0.265167140243978,0.200850549532238,0.284044159929266,69.7064090446603,0.933541954567948,0,0.350540219158683,TRUE,3,115.554594184663,1.32488891389826
"gene-GALLO_RS00465",48016.2948965605,184620239.299935,FALSE,0.0800549162912314,3,0.0533860186510522,0.0709304625204311,6,FALSE,0.0709304625204311,15.3537334676187,0.371189380714145,0.221869718187574,0.313768960133036,69.2015728556445,1.18300223373517,0,0.236808262145051,TRUE,3,128.8002967656,1.85790698523444
"gene-GALLO_RS00470",2581.31462488731,392417.179262534,FALSE,0.0511665760011437,3,0.0545501378351874,0.0531454890717943,7,FALSE,0.0531454890717943,11.1407131357044,0.363284159819779,0.192760596300143,0.272560293905342,57.7955938585991,1.33285796920201,0,0.182578417885027,TRUE,3,91.4812530178009,0.518730420445269
"gene-GALLO_RS00475",16187.919918758,21530600.1662899,FALSE,0.0473745659719912,3,0.0535160570048878,0.0490686707948709,8,FALSE,0.0490686707948709,13.6479890937242,0.606065111673551,0.184644078607262,0.261104423035296,73.915119275249,2.32115988166015,0,0.0202782165079074,TRUE,3,112.718368250263,0.471531326425542
"gene-GALLO_RS00480",3241.98880532995,808053.209023804,FALSE,0.0877833725647409,5,0.0542994278844488,0.0754643427212234,6,FALSE,0.0754643427212234,11.6101711005964,0.102957226710554,0.229264275676001,0.324259144428013,50.6409952722162,0.317515260493791,0,0.7508526618919,TRUE,3,97.0175630069788,0.636323597258849
"gene-GALLO_RS00485",11951.245312966,11528094.5069548,FALSE,0.0746973027737255,3,0.0535856006725626,0.0653815223892279,9,FALSE,0.0653815223892279,13.3823140271754,0.308594363195874,0.213122619358152,0.301395955227341,62.7916176493983,1.02388355863337,0,0.305890276829697,TRUE,3,111.512633767205,0.474188596744681
"gene-GALLO_RS00490",13243.1291172839,10504203.3549945,FALSE,0.0511383730261852,3,0.0535596793969798,0.0507598818124423,7,FALSE,0.0507598818124423,13.5088223954959,0.347365105370364,0.18780802464493,0.265592900430495,71.9288881347627,1.30788550750914,0,0.190912145794936,TRUE,3,110.752321851827,0.566457192407471
"gene-GALLO_RS00495",47036.210162828,162558835.409832,FALSE,0.0459441709091965,5,0.0533873967466542,0.0462779489838639,5,FALSE,0.0462779489838639,15.2461480917831,0.506440471348408,0.179230878045862,0.253465145313687,85.0642939319967,1.99806750834179,0,0.0457093417320652,TRUE,3,125.148587585338,0.580037394983686
"gene-GALLO_RS00500",16552.9089767413,17331548.9072653,FALSE,0.0477939766154849,3,0.0535117313570399,0.0485098392449998,8,FALSE,0.0485098392449998,13.8104331112741,0.383304144650674,0.183576656361006,0.259608196885779,75.2297889341426,1.47647165709224,0,0.139817318528628,TRUE,3,113.053981611491,0.504860396391002
"gene-GALLO_RS00505",3647.60370457777,4025943.44502394,FALSE,0.406283716404826,8,0.0541905019159431,0.243850869875133,6,FALSE,0.243850869875133,12.0634441656793,-0.505709270358799,0.411498925862367,0.582034010865829,29.3158582137201,-0.86886549740712,6.51254947278942e-189,0.384920703177526,TRUE,4,106.589225692244,10.785412842199
"gene-GALLO_RS00510",206.766224120282,5263.05060218589,FALSE,0.111232171023168,7,0.0686786743109611,0.0929156588464461,9,FALSE,0.0929156588464461,7.87028911905021,-0.384194393818764,0.259253809268065,0.368638400003096,30.3574676154997,-1.0421985170713,2.00241251674526e-202,0.297319650447232,TRUE,3,65.3461506311229,0.740182399340384
"gene-GALLO_RS00515",10855.4365288845,23339360.2506769,FALSE,0.27835093989739,8,0.0536124238988821,0.178998023812423,7,FALSE,0.178998023812423,13.5975840326051,-0.412348299971277,0.352475250055371,0.498504748375348,38.5774150964332,-0.827170255278693,0,0.408140568266272,TRUE,3,117.732798668222,1.40710004859
"gene-GALLO_RS00520",0.303494131176277,0.221155803539166,FALSE,1e-08,28,10.5170466916046,8.54889804854334,6,FALSE,8.54889804854334,-1.59087428893384,0.219800818334965,2.70527302604581,3.82581980328541,-0.588064226278541,0.0574519526889927,0.556489183892612,0.954185179048529,TRUE,2,11.5965870088881,0.424258926348118
"gene-GALLO_RS00525",27.3268111646022,87.5844900190133,FALSE,0.10200101358393,4,0.169531013762363,0.129898462908536,6,FALSE,0.129898462908536,4.80873480859942,-0.0917364689003022,0.336253071746742,0.481480503920591,14.3009394192873,-0.190529976091061,2.15875650401045e-46,0.848893855864214,TRUE,3,43.0356753764359,0.734932922335047
"gene-GALLO_RS00530",117.729441282452,579.209190447772,FALSE,0.0487531631912296,8,0.0802942695265076,0.0603951909152896,8,FALSE,0.0603951909152896,6.87562807012256,0.00662388670083754,0.217665143100811,0.309320946933615,31.5880989127328,0.021414284310526,5.37934931467938e-219,0.982915178946843,TRUE,3,55.500656009211,0.975048303381843
"gene-GALLO_RS00535",148.542896364169,2424.39414407084,FALSE,0.0785186939082144,8,0.0746987538460228,0.077094224525206,8,FALSE,0.077094224525206,7.03446792512297,0.335432744727295,0.241646264683735,0.341247532607754,29.1106007135249,0.982960205349988,2.63588771287734e-186,0.32562702467909,TRUE,3,59.9752308043244,1.87870022668539
"gene-GALLO_RS00540",209.138364093348,1600.19019883484,FALSE,0.0293748504354691,7,0.0685044680745868,0.0421946616872177,8,FALSE,0.0421946616872177,7.5767379757579,0.2510150125553,0.180673418851939,0.255426074184658,41.936096764555,0.982730574224112,0,0.325740058868951,TRUE,2,59.6066033891962,0.412831724222065
"gene-GALLO_RS00545",1081.87570603806,308114.833429264,FALSE,0.245518674218706,6,0.056255227249525,0.163040332563551,10,FALSE,0.163040332563551,10.4813119879333,-0.961604823782445,0.336994904973478,0.477192393371503,31.1022862163396,-2.0151302433562,2.24303980275591e-212,0.0438910041238332,TRUE,3,88.8640490140225,0.815394051771186
"gene-GALLO_RS00550",171.229552566982,5159.20613442495,FALSE,0.224271548749946,6,0.0718662104649542,0.15914836830175,7,FALSE,0.15914836830175,7.58888194060818,-0.363148655381002,0.337277496732163,0.478775075604687,22.5004099417716,-0.758495322510993,4.11243859071287e-112,0.44815451215788,TRUE,3,66.9463067758919,0.2416452812127
"gene-GALLO_RS00555",70.4942466560539,514.526697329715,FALSE,0.130693288771421,8,0.0983686592423193,0.117684268395292,8,FALSE,0.117684268395292,6.11240170840712,0.0531249561729952,0.301568383925751,0.427917814490822,20.2687086386086,0.124147568467577,2.42948525590544e-91,0.901198435265376,TRUE,3,54.0484815629374,0.316738375454328
"gene-GALLO_RS00560",32.1706224722429,387.583352158542,FALSE,0.127949618939313,8,0.152033534535744,0.137306002964006,8,FALSE,0.137306002964006,5.46534713135177,-1.130690532576,0.331386934911347,0.492310162277243,16.4923434076056,-2.29670362144434,4.16478325262425e-61,0.0216356827262012,TRUE,3,44.5159457366471,2.16190147946528
"gene-GALLO_RS00565",59.3005208099991,105.751316926605,FALSE,0.0160307763385473,16,0.106872187798656,0.0502759189929941,8,FALSE,0.0502759189929941,5.96584219638206,-0.161733018577701,0.212529949959311,0.305805638329926,28.0705952150472,-0.52887520145463,2.23957065561844e-173,0.596892025823739,TRUE,2,45.7411442857751,0.282375895515815
"gene-GALLO_RS00570",170.394922220402,5148.62354547097,FALSE,0.267637555292101,8,0.0719570543063999,0.18256402678416,9,FALSE,0.18256402678416,7.37425363394477,0.0747513559412575,0.361299728286851,0.511398940170316,20.4103492380433,0.146170338007275,1.35314411400248e-92,0.883786920871441,TRUE,3,67.8991498209515,0.99291501559106
"gene-GALLO_RS00575",166.212261314929,4033.96872493976,FALSE,0.248698765159395,7,0.0724260508479344,0.172232771505895,8,FALSE,0.172232771505895,7.44268343667673,-0.135663332648078,0.35098461972997,0.497454682856947,21.2051554920064,-0.272714957408674,8.55873340533187e-100,0.785072336040603,TRUE,3,67.2190116723229,2.86344081986389
"gene-GALLO_RS00580",153.463080544723,2914.73777177212,FALSE,0.168706946551303,5,0.0740133252005093,0.12994553651348,6,FALSE,0.12994553651348,7.24293648633998,0.0368508136679452,0.30724697882889,0.435227404212635,23.5736621852144,0.0846702512554594,7.18129079682591e-123,0.932523547072898,TRUE,3,64.2563101204863,0.269924236423432
"gene-GALLO_RS00585",782.082248093596,13446.5815111337,FALSE,0.0246115779839608,8,0.0573804254899807,0.0342055093765577,8,FALSE,0.0342055093765577,9.66033493361951,-0.100680940557104,0.156608541305842,0.221946335724109,61.6845981264444,-0.453627406051237,0,0.650097024501477,TRUE,2,73.7959180622167,0.182692799998595
"gene-GALLO_RS00590",892.719112293252,18079.4920943428,FALSE,0.0262286552575681,8,0.0568771922882227,0.0352675427551577,8,FALSE,0.0352675427551577,9.8245063197906,-0.0443364180422861,0.158674436691411,0.224736233203285,61.9161253989339,-0.197282019949946,0,0.843606848849069,TRUE,3,75.6260507549152,0.484027657735569
"gene-GALLO_RS00595",1228.04059230752,35427.1827959613,FALSE,0.0269131673647089,4,0.0559058539980708,0.0354283052831692,8,FALSE,0.0354283052831692,10.2903469167265,-0.0563451016122199,0.158408894215706,0.224280135094,64.960663778854,-0.251226447623659,0,0.801639037875027,TRUE,2,79.479636739363,0.435918812288262
"gene-GALLO_RS00600",1563.46951292715,63444.2026020151,FALSE,0.03166869108842,5,0.0553510557833045,0.0388354792963143,9,FALSE,0.0388354792963143,10.5792342331509,0.0621480568273436,0.165420803317775,0.234054676033227,63.9534690980071,0.265527943643906,0,0.790602786265264,TRUE,3,83.1003677528511,0.346195856309664
"gene-GALLO_RS00605",7073.1795338168,1035930.73701583,FALSE,0.0205635592017311,4,0.0537688559538721,0.0290572180828669,8,FALSE,0.0290572180828669,12.8840204607912,-0.198614904114319,0.142283800683327,0.201293863219317,90.551562433073,-0.986691302645031,0,0.323793995076765,TRUE,2,98.8774775760532,0.470155805297537
"gene-GALLO_RS00610",8677.63628155585,192718.429433616,FALSE,0.00228123658477996,7,0.0536858424817099,0.011555444860178,8,FALSE,0.011555444860178,13.1138497467327,-0.0621444693887897,0.0899422138786299,0.127262756897949,145.803057109855,-0.488316227807502,0,0.625325868782104,TRUE,2,93.9763956969189,0.0422666373390366
"gene-GALLO_RS00615",40110.0626882592,25848142.6536156,FALSE,0.0118025132496208,4,0.0533990552489177,0.0215949121883237,8,FALSE,0.0215949121883237,15.1697721359602,0.234304298824363,0.122473568035679,0.173203821497282,123.861600337641,1.35276633505479,0,0.176130290825277,TRUE,2,117.314222080344,0.239394280808696
"gene-GALLO_RS00620",39455.2902549852,48021891.3432336,FALSE,0.0308225457893443,4,0.0534003691676163,0.0390709846180881,8,FALSE,0.0390709846180881,15.1380723641342,0.248981009393105,0.164696323063703,0.232915414946922,91.9150596839912,1.06897608923756,0,0.285080443771279,TRUE,3,121.83164565585,0.488202345362986
"gene-GALLO_RS00625",428.554162613474,37314.2089630287,FALSE,0.266450388406707,8,0.0607300988939782,0.176481227556333,10,FALSE,0.176481227556333,8.87715369982304,-0.280296850649478,0.351864492943037,0.498201227633917,25.2288988456137,-0.562617743799384,1.93072985270676e-140,0.573695206843693,TRUE,3,78.81863996871,0.252278670617155
"gene-GALLO_RS00630",7.65293226094656,8.61538377866285,FALSE,1e-08,2,0.468282351563621,0.188853986080319,9,FALSE,0.188853986080319,3.30530889813207,-0.830606433388578,0.442793803235936,0.679528744690551,7.46466837154649,-1.22232714933469,8.35096677651996e-14,0.221583936360691,TRUE,3,29.5206127059995,0.323899496509118
"gene-GALLO_RS00635",7.1345799475437,26.4693934130119,FALSE,0.14857518848841,66,0.498430833761103,0.386277348436165,8,FALSE,0.386277348436165,3.47922723492721,-1.75188164525806,0.570664795699267,0.905525021280663,6.09679668545861,-1.9346584623144,1.08215010658924e-09,0.0530322207794448,TRUE,6,32.1271174275708,1.88558629628119
"gene-GALLO_RS00640",0.536993322801798,0.731684177544596,FALSE,1e-08,1,5.96713583071553,6.06360531429663,4,FALSE,6.06360531429663,-0.650383593012877,-0.7206842370971,2.28387444578624,3.28790954218105,-0.284772043495139,-0.219192233804289,0.775818791836633,0.826500304921928,TRUE,3,12.8310495028799,0.974192538436994
"gene-GALLO_RS00645",2.29574394367915,2.11878140269529,FALSE,1e-08,27,1.43660989738574,0.599688279439813,9,FALSE,0.599688279439813,0.61612531842838,1.02582254981765,0.914040724829158,1.2215363930448,0.674067688333624,0.839780587511346,0.500268280921072,0.401031419723903,TRUE,3,22.0296024309376,0.348881403131792
"gene-GALLO_RS00650",0.740721408230727,1.37167770063406,FALSE,9.1865189816811,31,4.34059933858147,5.48325765640909,8,FALSE,5.48325765640909,-0.695723803909013,0.432645124820149,2.20128618829891,3.09103860073679,-0.316053318104288,0.139967558061883,0.751962038651226,0.88868562293465,TRUE,4,14.3711167597635,0.974921296428205
"gene-GALLO_RS00655",3.11460703694821,1.92932146996258,FALSE,1e-08,2,1.07292833878832,0.445637751558798,8,FALSE,0.445637751558798,1.62681600310772,0.0362647363671946,0.719275591005479,1.03116335945106,2.26174226325904,0.0351687596682064,0.0237133319066682,0.971945172987115,TRUE,3,24.3152118916315,0.704706109937053
"gene-GALLO_RS00660",3.54956358236507,7.64683042933595,FALSE,0.431040428288134,14,0.947987522223461,0.696735255782878,8,FALSE,0.696735255782878,2.20617420142225,-0.894166724751347,0.789136679279829,1.1867823922725,2.79568072217301,-0.753437808458851,0.00517905366869124,0.451186870159201,TRUE,5,27.4972701486877,0.683439486513607
"gene-GALLO_RS00665",992.319770027967,27819.9849370527,FALSE,0.0346255090984501,4,0.0565201395076327,0.0414097255163078,9,FALSE,0.0414097255163078,9.98610426056153,-0.0639940590572698,0.171358685062868,0.24263857358059,58.2760322705433,-0.263742314805584,0,0.791978487089418,TRUE,3,78.151336085923,0.261928806234737
"gene-GALLO_RS00670",4092.31357995283,2526564.02186454,FALSE,0.141058156066999,3,0.0540958919446965,0.0983288135110665,7,FALSE,0.0983288135110665,11.8067403627035,0.361180761428868,0.261532077917348,0.369841944590379,45.1445209196662,0.976581392975574,0,0.328776434578686,TRUE,3,101.736955799245,2.79257462399589
"gene-GALLO_RS00675",59.6555066681231,88.0751953444752,FALSE,0.00722313549723478,100,0.106553519621883,0.0463470433220147,9,FALSE,0.0463470433220147,5.97964429898475,-0.17128932976135,0.205779215210971,0.296518007058035,29.0585436087616,-0.577669233180248,1.20018917661385e-185,0.563487454900505,TRUE,2,45.249313672775,0.325833978360241
"gene-GALLO_RS00680",75.7195773067217,184.676879996751,FALSE,0.020379647745745,5,0.0952598890996035,0.0469544470164304,9,FALSE,0.0469544470164304,6.3268765382082,-0.167423084752582,0.201462394397775,0.289307582745987,31.4047520239245,-0.578702718965994,1.742626218885e-216,0.562789781049227,TRUE,3,48.174875774862,0.488650751998224
"gene-GALLO_RS00685",102.046420845472,608.772075765786,FALSE,0.0620013095840973,8,0.0844398327055678,0.0703702780596065,8,FALSE,0.0703702780596065,6.75644916562056,-0.169316881440726,0.23403073863196,0.333832172827315,28.8699219816839,-0.507191622684941,2.84933757554387e-183,0.61202037241041,TRUE,3,54.8415601075358,0.769578340038992
"gene-GALLO_RS00690",139.485715086787,287.556558895304,FALSE,0.00781414303461637,11,0.0760869413443355,0.0307242136156525,9,FALSE,0.0307242136156525,7.17965481335625,-0.116093566650751,0.160473832936726,0.229569546228654,44.7403460238104,-0.505701076462122,0,0.613066512485109,TRUE,2,52.4054476295178,0.236859450795821
"gene-GALLO_RS00695",3223.42948552872,110921.465979691,FALSE,0.0128029650899039,4,0.0543050677540132,0.0231386494141076,8,FALSE,0.0231386494141076,11.6304022686288,0.0479038411128991,0.127499907698884,0.180390019532778,91.2189073587113,0.265557048205733,0,0.790580368647334,TRUE,2,87.6726996389446,0.225697720599648
"gene-GALLO_RS00700",4513.10671041458,269335.374650284,FALSE,0.0168698728929492,5,0.0540235382315279,0.0266215726746314,8,FALSE,0.0266215726746314,12.1453760825809,-0.0107766578204591,0.136424858336297,0.1930022837589,89.0261220036722,-0.0558369445717098,0,0.955471703328037,TRUE,2,92.8249635766604,0.32741151879006
"gene-GALLO_RS11650",227.474679386269,5072.49541016406,FALSE,0.0359218893003264,7,0.0672804664629457,0.0469083926852187,8,FALSE,0.0469083926852187,8.09454184092055,-0.591569534182908,0.186808531378226,0.267592701272422,43.3306861373037,-2.21070878005997,0,0.0270560101358876,TRUE,3,61.1624083860118,0.962172237456965
"gene-GALLO_RS00705",723.953328567878,7665.66893454905,FALSE,0.0085676478892593,7,0.0577064617801436,0.020713791231149,5,FALSE,0.020713791231149,9.59645256115677,-0.20123950502419,0.123295536057094,0.175201433664348,77.8329278418724,-1.14861791262351,0,0.250713567545557,TRUE,2,68.8978697853738,0.194965004575414
"gene-GALLO_RS00710",2797.87918614418,42340.0919615159,FALSE,0.0065909002188017,8,0.054454912133787,0.0170879768750372,5,FALSE,0.0170879768750372,11.4361417744397,0.0278934891009247,0.109943498351194,0.155598676120237,104.018354390626,0.179265594003964,0,0.857729161206005,TRUE,2,83.5541575507975,0.136594780812873
"gene-GALLO_RS00720",6.29599730277037,8.38566032859632,FALSE,1e-08,12,0.557716488112882,0.288658747260978,8,FALSE,0.288658747260978,2.89806644942786,-0.51604373844167,0.535280723325536,0.794158895157242,5.41410576383745,-0.649799103917981,6.15957522077039e-08,0.515821997847237,TRUE,3,29.9998001783941,0.652207300318844
"gene-GALLO_RS00725",282.303162978138,25631.4300857052,FALSE,0.184820140507476,3,0.064569063172651,0.134664173880195,8,FALSE,0.134664173880195,8.5060613621515,-0.85428853606504,0.308541119762025,0.438620962661043,27.568647474645,-1.9476691922844,2.6452531877115e-167,0.0514545586780714,TRUE,3,71.385112863344,0.404030558604391
"gene-GALLO_RS00730",53.701392512203,1285.93662717337,FALSE,0.354675034782557,6,0.112455771794636,0.249678870469503,7,FALSE,0.249678870469503,6.16241766810391,-0.999699157708605,0.42685314080511,0.613608892908259,14.4368567992276,-1.62921230324814,3.03364466113902e-47,0.10326808332601,TRUE,3,54.9989761989558,0.175926468498806
"gene-GALLO_RS00735",49.9673789414238,159.73760621824,FALSE,0.0201727855039536,16,0.116874939319825,0.0571346518222532,8,FALSE,0.0571346518222532,5.86336762290018,-0.471905626505272,0.225133161161278,0.328994764975841,26.0439981060803,-1.43438643025194,1.573358623107e-149,0.151462017872928,TRUE,3,44.4590213038098,0.328109144629201
"gene-GALLO_RS00740",97.1586221613708,11077.0404304954,FALSE,0.465826190890007,6,0.08600539688376,0.297316711374498,7,FALSE,0.297316711374498,5.65934613314217,1.50449166106839,0.467974801069263,0.65616556113108,12.093271091117,2.29285374025877,1.14630081211148e-33,0.0218564268568194,TRUE,4,62.4348627995667,10.3630049066075
"gene-GALLO_RS00745",427.32873760993,7040.30849368672,FALSE,0.0287940146647489,8,0.0607513487312933,0.0386573420080829,8,FALSE,0.0386573420080829,8.57732976060034,0.306006391845994,0.168830613360421,0.238590315975392,50.8043511178236,1.28255998402532,0,0.199646277151833,TRUE,2,67.4532473042916,0.386938703971759
"gene-GALLO_RS00750",435.248401237301,8846.28025203705,FALSE,0.0335736382661245,8,0.0606161277318561,0.041229836118791,8,FALSE,0.041229836118791,8.60185427519845,0.309195213413889,0.173954513114445,0.245837723617174,49.4488709789281,1.25772077964478,0,0.208492754534016,TRUE,2,68.1771777986078,0.620106622484456
"gene-GALLO_RS00755",302.680566582741,4188.85552579961,FALSE,0.00238728531777791,36,0.0638117330087054,0.0188643861652781,9,FALSE,0.0188643861652781,7.94731019125559,0.537266255014056,0.125273063825977,0.175751823248642,63.4398964033926,3.05695978046253,0,0.00223594275120027,TRUE,2,57.6174638648778,0.0670599849265692
"gene-GALLO_RS00760",720.910861235188,18438.6696482849,FALSE,0.0233252329178178,8,0.0577249745105086,0.0327252632331416,8,FALSE,0.0327252632331416,9.34379388931018,0.284223865994203,0.153929354962375,0.217611610739119,60.7018322891957,1.30610616331011,0,0.191516457318094,TRUE,2,72.4285627935491,0.54704185789125
"gene-GALLO_RS00765",1675.21415903935,7960990.82871515,FALSE,2.60059369653341,9,0.055215566900381,2.60059369653341,9,TRUE,1.31981219028884,8.91703386323549,2.56827907315222,1.34371966155932,1.90002424288541,6.63608200306283,1.3517085809663,3.22130677452761e-11,0.176468558922938,TRUE,6,94.4334213769662,1.11744077767333
"gene-GALLO_RS00770",1107.21953408578,4800675.33832647,FALSE,1.8069117562453,6,0.0561880383086404,1.8069117562453,12,TRUE,0.950309824952975,7.34295257789001,3.65985634092063,1.12141518704386,1.58478651080511,6.54793395231843,2.30936868528831,5.83385077047703e-11,0.0209231311807154,TRUE,6,88.0305078299531,3.69142885920329
"gene-GALLO_RS00775",918.01820655609,3518613.62678614,FALSE,1.41604529298124,8,0.056779158556235,1.41604529298124,11,TRUE,0.742061521322241,6.94414171683035,3.79797436564327,0.993809235813327,1.40375591611699,6.98739905666836,2.70558030925282,2.80028910882643e-12,0.00681851590832265,TRUE,6,85.8605601658712,24.607136934413
"gene-GALLO_RS00780",619.179191025738,1406410.44227799,FALSE,1.31564071508661,7,0.0584487351206236,1.31564071508661,10,TRUE,0.695488095062362,6.96031512417203,3.16083042716314,0.958091562378573,1.35328942214763,7.26477029699776,2.33566477017679,3.73672708996639e-13,0.0195087199825113,TRUE,5,83.3655533205557,12.7162723187156
"gene-GALLO_RS00785",151.354038194655,78628.8337463699,FALSE,1.16096160206363,9,0.0743016779294905,1.16096160206363,10,TRUE,0.641356038489392,5.08285494467346,2.98684355885517,0.907985321158601,1.2777772698783,5.59794836571551,2.33753067084974,2.16903327968444e-08,0.0194116080758342,TRUE,5,67.0218092759208,23.9252176199667
"gene-GALLO_RS00790",4849.7938220024,1522966.00885553,FALSE,0.0363502781632243,4,0.053974688261301,0.0451053541308928,10,FALSE,0.0451053541308928,12.0086354833786,0.437137119077887,0.177340663263106,0.250756956781544,67.7150703195598,1.74327015564603,0,0.0812864359086492,TRUE,3,97.7200469569088,0.850601208429617
"gene-GALLO_RS00795",1668.12718232508,276716.664169727,FALSE,0.092121848548891,5,0.0552236206514359,0.0784108950451946,6,FALSE,0.0784108950451946,10.4854011643875,0.408352016077844,0.234199277432298,0.331131224686316,44.7712788841485,1.23320298913121,0,0.217500040453076,TRUE,3,89.2178952572533,1.58219640820434
"gene-GALLO_RS00800",481.051881740155,19721.1896660378,FALSE,0.113827730256348,5,0.059921413705,0.0929002029245998,6,FALSE,0.0929002029245998,8.97743255334815,-0.136281200475751,0.256376984532921,0.363087489602321,35.0165307143449,-0.375339840612564,1.26070082862547e-268,0.707407739837769,TRUE,3,75.6580928659265,0.438886058485208
"gene-GALLO_RS00805",3246.86678961166,1098224.70257392,FALSE,0.127625520990997,6,0.0542979562460729,0.0987172322590231,7,FALSE,0.0987172322590231,11.7668107816094,-0.211452948665969,0.26205638107452,0.370694077682013,44.9018288864461,-0.57042440491147,0,0.568389880867495,TRUE,3,99.0501764079296,0.216869378736151
"gene-GALLO_RS00810",455.537488618146,10425.9267235028,FALSE,0.0593572464658881,4,0.0602911617543839,0.0596101653025894,5,FALSE,0.0596101653025894,8.84430541380308,-0.0263965128379614,0.206775754364563,0.292898585649482,42.7724490280897,-0.0901216807839102,0,0.928190520548603,TRUE,3,71.6380619115356,0.717831260251863
"gene-GALLO_RS00815",1845.11987841256,40462.1735199036,FALSE,0.00259441113276569,7,0.0550410048777738,0.0133935424996942,9,FALSE,0.0133935424996942,10.9693793939898,-0.250484155569424,0.0980462953995171,0.139119354905474,111.879590649417,-1.8004982537449,0,0.0717819990743359,TRUE,2,76.5876361349369,0.0512065348512208
"gene-GALLO_RS00820",1021.86802606668,10037.2152091817,FALSE,0.0102826264562272,8,0.0564276010857303,0.0217665356075353,6,FALSE,0.0217665356075353,10.0223740056273,-0.0504261475154956,0.125378644472495,0.177691867099263,79.9368508711702,-0.283784217807371,0,0.776575749886037,TRUE,2,73.434675820174,0.152315612752902
"gene-GALLO_RS00825",1307.92174252113,41642.2868593189,FALSE,0.0235711891801959,7,0.0557479160404633,0.0331463546980377,8,FALSE,0.0331463546980377,10.410166443981,-0.116554662624373,0.153196778478963,0.216953489242269,67.9529070215434,-0.53723340901984,0,0.591106396642663,TRUE,3,79.6996571416953,0.566610446631063
"gene-GALLO_RS00830",4227.53484625499,310204.409539815,FALSE,0.0153207803967613,7,0.0540710705838906,0.0248617368689651,8,FALSE,0.0248617368689651,12.1368889472501,-0.188730237572147,0.131877306000269,0.186633401146493,92.0316718270338,-1.01123505445849,0,0.311903941792383,TRUE,2,91.4679191870748,0.231604196381998
"gene-GALLO_RS11660",1311.98926439154,57756.5333443268,FALSE,0.0144452326244665,8,0.0557403884749183,0.0259878020878624,8,FALSE,0.0259878020878624,10.5394732093426,-0.390050111368263,0.135875686066083,0.192765305094849,77.5670284690722,-2.02344561525914,0,0.0430272252867098,TRUE,2,77.7280706876092,0.225979897497832
"gene-GALLO_RS00835",568.094326344927,30946.7326932326,FALSE,0.0659257295390672,8,0.0589099381303219,0.0634266374262999,7,FALSE,0.0634266374262999,9.42830215420391,-0.623280419111354,0.211986418523075,0.301055733422464,44.4759726584919,-2.07031572535017,0,0.0384227879290959,TRUE,3,74.5182889950911,1.03086896363994
"gene-GALLO_RS00840",1261.26143516321,69410.3595532241,FALSE,0.0512069012305049,5,0.0558377410782984,0.0527670404314039,8,FALSE,0.0527670404314039,10.2749450396031,0.050155622000375,0.192687118162882,0.272630929880306,53.3245041887931,0.183968935668433,0,0.854037824700422,TRUE,3,82.92098581629,0.457515418662807
"gene-GALLO_RS00845",226.170190588205,166.330701879055,FALSE,1e-08,5,0.0673609873625392,0.0173016255020085,9,FALSE,0.0173016255020085,7.78142365371382,0.0813906465535766,0.122174114742378,0.173688289757398,63.6912628351927,0.468601807682375,0,0.639354284948878,TRUE,2,53.6396186085261,0.0439413629675172
"gene-GALLO_RS00850",588.473944425614,3896.14848810339,FALSE,0.0108780696634731,7,0.0587163471851262,0.0235931798270986,6,FALSE,0.0235931798270986,9.17772425885146,0.0462550546004474,0.132209047308006,0.187382458394447,69.4182769313074,0.246848370956255,0,0.805025573954552,TRUE,2,67.5003395745416,0.270425677699863
"gene-GALLO_RS00855",21767.5888792739,4222304.00924791,FALSE,0.00886468474291696,5,0.0534657713918212,0.0208602966844033,8,FALSE,0.0208602966844033,14.3949737703705,0.0297381190351717,0.120426374288144,0.170322043491394,119.533398356142,0.174599355582968,0,0.861394454977299,TRUE,2,109.743616377168,0.137459464313067
"gene-GALLO_RS00860",316.309274073359,29053.8467172539,FALSE,0.321453425074947,6,0.0633596742412794,0.20664358965394,10,FALSE,0.20664358965394,7.98711220060136,0.578703721768905,0.381971191849765,0.539691341284069,20.910247607738,1.07228646728334,4.31985421211003e-97,0.283591383183333,TRUE,3,75.9929147544992,1.45892602864812
"gene-GALLO_RS00865",2935.43351406923,638651.64686244,FALSE,0.071154631441838,5,0.0544017246134738,0.0703866397075663,6,FALSE,0.0703866397075663,11.6658896567377,-0.309365863068189,0.221430479583563,0.313294931023649,52.6842089611031,-0.987458884372554,0,0.323417729586341,TRUE,3,95.230213691325,1.03324231219825
"gene-GALLO_RS00870",462.88365217554,17200.9402610821,FALSE,0.094469191263016,5,0.0601805245184872,0.0816077236501896,9,FALSE,0.0816077236501896,8.90934189088198,-0.112598995781018,0.240740976445501,0.340993267755295,37.0079993129,-0.330208852867506,8.51532150084156e-300,0.741242158048667,TRUE,3,74.204305008806,0.564567241836381
"gene-GALLO_RS00875",947.452031448368,147134.091683933,FALSE,0.162842288969757,4,0.0566716916204662,0.124189961739718,9,FALSE,0.124189961739718,9.97563064796762,-0.180471467904357,0.294619201022535,0.416910368066339,33.8594043203742,-0.432878339633043,2.63886627221039e-251,0.665103156725586,TRUE,3,85.9370759572363,1.96491000856394
"gene-GALLO_RS00880",32.223815145829,188.163683940536,FALSE,0.160231857316517,5,0.151870585390169,0.156349958011391,4,FALSE,0.156349958011391,5.33142964235735,-0.742839952850714,0.352768603504506,0.51403554991885,15.1131069754887,-1.4451139672499,1.32730893217795e-51,0.148425876387163,TRUE,3,46.2611327471446,0.834951754219367
"gene-GALLO_RS11665",4338.50105161606,5307325.39357518,FALSE,0.195878712370913,6,0.0540518573476972,0.136033517801944,9,FALSE,0.136033517801944,12.5173770690189,-1.05899162028139,0.30738951816472,0.434897680860023,40.7215481638877,-2.43503625539507,0,0.0148902976673092,TRUE,3,104.132550879327,0.956105421481359
"gene-GALLO_RS00885",1547.28238326945,30395.2162815488,FALSE,0.0148993765305264,8,0.0553723052256497,0.0255877269246583,8,FALSE,0.0255877269246583,10.6427264730225,-0.0954163635352176,0.134739703170013,0.190821900191921,78.9873082887354,-0.500028369066925,0,0.617055102064014,TRUE,2,79.6917508137495,0.325069402062631
"gene-GALLO_RS00890",828.695165505954,28508.6630108751,FALSE,0.0485913108280361,4,0.0571520256781875,0.0514545609867426,8,FALSE,0.0514545609867426,9.72469410573635,-0.0602107455970386,0.190941815569361,0.270351591345307,50.9301437023561,-0.222712747120968,0,0.823759079753541,TRUE,3,77.6958160774621,1.14830544732677
"gene-GALLO_RS00895",642.630714714972,9302.55942826611,FALSE,0.020955272668792,7,0.0582615678430943,0.0318465263313068,8,FALSE,0.0318465263313068,9.40979249466368,-0.168507491516568,0.151790409875618,0.215371320532973,61.9920092604954,-0.782404505388961,0,0.433976886866443,TRUE,2,70.8828475029266,0.401561032198953
"gene-GALLO_RS00900",840.330262836252,14322.0067839609,FALSE,0.0190806675067121,8,0.0570989663311581,0.0303928323775396,8,FALSE,0.0303928323775396,9.78817688245736,-0.150349170574137,0.147694410604272,0.209402609615798,66.2731706799892,-0.717990911622304,0,0.472762890623716,TRUE,2,73.7285559830707,0.394456222252727
"gene-GALLO_RS00905",992.557726399177,16087.5057916666,FALSE,0.00382823502597086,5,0.0565193722758083,0.0154687012432466,9,FALSE,0.0154687012432466,10.0934367006021,-0.291057905549355,0.106398790344032,0.151325399485403,94.8642053914874,-1.92339096106223,0,0.054430968651315,TRUE,2,70.3247053906836,0.0700047209328377
"gene-GALLO_RS00910",451.258277259209,18156.8321621922,FALSE,0.0387057412398157,7,0.0603572693136761,0.0451977805601203,8,FALSE,0.0451977805601203,9.08055429867271,-0.585651899823489,0.180404220354061,0.256903586412375,50.3344892977072,-2.27965638005308,0,0.0226280762758499,TRUE,3,69.1438214219445,0.722048982062703
"gene-GALLO_RS00915",333.315836448072,7550.1521959709,FALSE,0.0588655325485147,7,0.0628474202483799,0.0593611699859666,5,FALSE,0.0593611699859666,8.24858671464172,0.2501992541832,0.208083609420598,0.294234616778231,39.6407325767256,0.850339286800435,0,0.395136480241541,TRUE,3,67.8060205096965,0.573429647674005
"gene-GALLO_RS00920",19529.6662005812,1069349081.09344,FALSE,1.86599479326266,7,0.0534824890953929,1.86599479326266,7,TRUE,1.02128219297589,12.4434760693648,2.58792672365958,1.13785616757959,1.60914172976847,10.9358954355665,1.60826524835195,7.76357225657986e-28,0.107777098281679,TRUE,6,125.558207350804,1.00448218430561
"gene-GALLO_RS00925",2178.11557006887,21065698.9248406,FALSE,1.5051772957038,8,0.0547778752223194,1.5051772957038,11,TRUE,0.782404652764593,8.12311822063938,3.87027579884408,1.02302440655958,1.44604099063588,7.94029758093196,2.67646340864942,2.01696760038675e-15,0.00744036898211806,TRUE,6,95.8999267023256,31.2063093217972
"gene-GALLO_RS00930",5640.13171834876,3160242.51925891,FALSE,0.12371522176465,6,0.053882931732845,0.0963386794907727,7,FALSE,0.0963386794907727,12.4167777654417,0.0882395465729535,0.258759324182928,0.365958201645495,47.9858177271469,0.241119193875675,0,0.809462737017942,TRUE,3,105.523602978954,1.40176902483705
"gene-GALLO_RS00935",3042.98611115734,2923688.92275745,FALSE,0.400460360546272,8,0.0543634874759397,0.241069664929885,6,FALSE,0.241069664929885,11.5107378838678,0.11874782929395,0.409233365832579,0.578759378048477,28.127564477665,0.205176509958865,4.50894440803185e-174,0.837434221361867,TRUE,3,104.513552892219,1.62976145267492
"gene-GALLO_RS00940",138.365492753278,1782.95322686349,FALSE,0.0891514101135785,8,0.0762712659821871,0.0842758703241621,8,FALSE,0.0842758703241621,6.92437182640793,0.350863024758444,0.252516332512684,0.356530655070281,27.4214810483996,0.984103385694227,1.52087428450925e-165,0.32506468241126,TRUE,3,59.7534713794066,1.18923308144266
"gene-GALLO_RS00945",70.487057787284,254.30253475675,FALSE,0.0527808359406936,6,0.0983732536992935,0.0697516582003091,8,FALSE,0.0697516582003091,6.13123902134996,0.0103899413192263,0.239931811679584,0.341528776175158,25.5540896325073,0.0304218620626498,4.94506767213923e-144,0.975730609518851,TRUE,3,50.2530534837231,0.639521888380724
"gene-GALLO_RS00950",342.716630412265,3524.21857866027,FALSE,0.0266632376816348,8,0.0625860777149919,0.0378208133259897,8,FALSE,0.0378208133259897,8.33574137569801,0.162604314515185,0.168018777856192,0.237824504045848,49.6119629130538,0.683715562311602,0,0.494154794527657,TRUE,3,64.6986292072783,0.219055564625273
"gene-GALLO_RS00955",218.376693594785,20174.1244141596,FALSE,0.226848337964116,4,0.0678620908345375,0.159546568733228,9,FALSE,0.159546568733228,7.25444881221558,0.893501968010354,0.338974728499061,0.47776958447416,21.4011494141095,1.87015246898514,1.30354661441031e-101,0.0614626480240054,TRUE,3,69.4061657207729,1.33502396379259
"gene-GALLO_RS00960",6272.17639531691,1376199.14606515,FALSE,0.0344619816012448,4,0.0538261933494461,0.042979033542918,9,FALSE,0.042979033542918,12.5280910586732,0.168243589799882,0.172995078078411,0.244662589075387,72.418771665832,0.687655560401357,0,0.49166971118172,TRUE,3,100.541274221507,0.791802512639713
"gene-GALLO_RS00965",3117.0125102718,404346.870722925,FALSE,0.0397061145810748,5,0.0543387027113253,0.0427356431869097,8,FALSE,0.0427356431869097,11.503520786106,0.197703082146775,0.1728324820749,0.244434001230423,66.5587894590369,0.808819890651807,0,0.418618753299778,TRUE,3,92.1010545027205,0.878423655328456
"gene-GALLO_RS00970",133.996477863149,442.41962878532,FALSE,0.0206376286136447,3,0.0770196061166067,0.0398856428906586,5,FALSE,0.0398856428906586,7.02395406581911,0.0799966079125596,0.18059224279117,0.256456380371144,38.8939965375,0.311930659696547,0,0.755093221137432,TRUE,2,53.9072427575061,0.255913228615944
"gene-GALLO_RS00975",502.357084212379,8153.04488254031,FALSE,0.0301765800771133,8,0.0596414395730834,0.0393540617607275,8,FALSE,0.0393540617607275,8.82063785252359,0.288904519004722,0.169487059835953,0.23958017191518,52.0431345086821,1.20587825234137,0,0.227864437208835,TRUE,3,69.5552364957166,0.616015010809255
"gene-GALLO_RS00980",649.204834734382,10689.3987959797,FALSE,0.0322428676694432,8,0.0582115262538395,0.040302972118361,8,FALSE,0.040302972118361,9.30266064948081,0.0783596975428084,0.170235761496804,0.240991063699241,54.6457487409629,0.325156030020274,0,0.745062984979913,TRUE,3,72.8576538073429,0.562240431290452
"gene-GALLO_RS00985",114.257827386889,1647.3522042781,FALSE,0.065300597123086,7,0.0811138603046006,0.0710675576428429,8,FALSE,0.0710675576428429,6.53540586037175,0.543079254318965,0.237147502877628,0.333368631883246,27.5584004936545,1.62906525203357,3.50987518373346e-167,0.103299206198385,TRUE,3,56.0350325368073,0.613290418734855
"gene-GALLO_RS00990",14.9016592562868,16.9111771135065,FALSE,1e-08,28,0.266429013630023,0.112112787054022,9,FALSE,0.112112787054022,3.61972840763645,0.510572296489734,0.360671387129572,0.500758538679948,10.0360841941034,1.01959778426476,1.05790730202417e-23,0.307919256280404,TRUE,3,34.2398193642057,0.322905525289247
"gene-GALLO_RS00995",4.55410959418534,7.93056374083618,FALSE,0.288475946186692,21,0.750641632275462,0.55016459219679,8,FALSE,0.55016459219679,2.47796169827218,-0.60332967161433,0.705067092938737,1.04100020521514,3.51450482243324,-0.579567293639144,0.000440574672324225,0.562206454220429,TRUE,5,29.7297336293468,0.656435214741884
